label,threshold,mean_grad,high_grad_count,dispersion,low_value_ratio,extreme_std_score,contrast_entropy,band_only_accuracy
0,0,0.215,0.591,0.266,1.0,1.0,0.284,0.78
0,0,0.491,0.505,0.054,1.0,0.991,0.532,0.893
0,0,0.943,0.077,0.529,1.0,0.958,0.566,0.91
0,0,0.214,0.1,0.0,0.0,0.883,0.116,0.913
0,0,0.066,0.0,0.129,1.0,0.688,0.0,0.832
0,0,0.467,0.196,0.295,1.0,0.99,0.347,0.894
0,0,0.831,0.98,0.543,1.0,0.469,1.0,0.838
0,0,0.554,0.227,0.879,1.0,0.432,0.499,0.927
0,0,0.0,0.283,0.275,1.0,0.289,0.06,0.91
0,0,1.0,0.373,1.0,1.0,0.131,0.775,0.944
0,0,0.434,1.0,0.683,1.0,0.0,0.66,0.945
0,0.1,0.745,0.046,0.0,1.0,1.0,0.284,0.78
0,0.1,0.659,0.336,0.167,1.0,0.991,0.532,0.893
0,0.1,1.0,0.524,0.601,1.0,0.958,0.566,0.91
0,0.1,0.386,0.053,0.119,0.0,0.883,0.116,0.913
0,0.1,0.052,0.0,0.105,1.0,0.688,0.0,0.832
0,0.1,0.736,0.212,0.267,1.0,0.99,0.347,0.894
0,0.1,0.863,1.0,0.561,1.0,0.469,1.0,0.838
0,0.1,0.37,0.602,0.755,1.0,0.432,0.499,0.927
0,0.1,0.0,0.033,0.1,1.0,0.289,0.06,0.91
0,0.1,0.823,0.936,1.0,1.0,0.131,0.775,0.944
0,0.1,0.563,0.727,0.429,1.0,0.0,0.66,0.945
0,0.2,0.761,0.034,0.009,1.0,1.0,0.284,0.78
0,0.2,0.742,0.014,0.0,1.0,0.991,0.532,0.893
0,0.2,0.455,0.62,0.621,1.0,0.958,0.566,0.91
0,0.2,0.401,0.034,0.065,0.0,0.883,0.116,0.913
0,0.2,0.0,0.026,0.053,1.0,0.688,0.0,0.832
0,0.2,0.485,0.192,0.2,1.0,0.99,0.347,0.894
0,0.2,1.0,0.31,0.183,1.0,0.469,1.0,0.838
0,0.2,0.019,0.538,0.607,1.0,0.432,0.499,0.927
0,0.2,0.091,0.0,0.037,1.0,0.289,0.06,0.91
0,0.2,0.279,1.0,1.0,1.0,0.131,0.775,0.944
0,0.2,0.396,0.544,0.336,1.0,0.0,0.66,0.945
0,0.3,0.491,0.104,0.062,1.0,1.0,0.284,0.78
0,0.3,0.966,0.0,0.0,1.0,0.991,0.532,0.893
0,0.3,0.234,0.678,0.648,1.0,0.958,0.566,0.91
0,0.3,0.482,0.056,0.053,0.0,0.883,0.116,0.913
0,0.3,0.108,0.074,0.061,1.0,0.688,0.0,0.832
0,0.3,0.309,0.21,0.2,1.0,0.99,0.347,0.894
0,0.3,1.0,0.072,0.049,1.0,0.469,1.0,0.838
0,0.3,0.0,0.427,0.461,1.0,0.432,0.499,0.927
0,0.3,0.257,0.061,0.057,1.0,0.289,0.06,0.91
0,0.3,0.138,1.0,1.0,1.0,0.131,0.775,0.944
0,0.3,0.37,0.437,0.286,1.0,0.0,0.66,0.945
0,0.4,0.624,0.055,0.034,1.0,1.0,0.284,0.78
0,0.4,0.0,0.0,0.0,1.0,0.991,0.532,0.893
0,0.4,0.401,0.787,0.76,1.0,0.958,0.566,0.91
0,0.4,0.439,0.023,0.022,0.0,0.883,0.116,0.913
0,0.4,0.419,0.058,0.045,1.0,0.688,0.0,0.832
0,0.4,0.419,0.22,0.212,1.0,0.99,0.347,0.894
0,0.4,1.0,0.012,0.011,1.0,0.469,1.0,0.838
0,0.4,0.262,0.372,0.41,1.0,0.432,0.499,0.927
0,0.4,0.372,0.041,0.038,1.0,0.289,0.06,0.91
0,0.4,0.335,1.0,1.0,1.0,0.131,0.775,0.944
0,0.4,0.548,0.351,0.23,1.0,0.0,0.66,0.945
0,0.5,1.0,0.02,0.01,1.0,1.0,0.284,0.78
0,0.5,0.0,0.0,0.0,1.0,0.991,0.532,0.893
0,0.5,0.646,0.967,0.902,1.0,0.958,0.566,0.91
0,0.5,0.785,0.013,0.011,0.0,0.883,0.116,0.913
0,0.5,0.683,0.046,0.032,1.0,0.688,0.0,0.832
0,0.5,0.81,0.217,0.212,1.0,0.99,0.347,0.894
0,0.5,0.0,0.0,0.0,1.0,0.469,1.0,0.838
0,0.5,0.552,0.309,0.327,1.0,0.432,0.499,0.927
0,0.5,0.559,0.023,0.031,1.0,0.289,0.06,0.91
0,0.5,0.61,1.0,1.0,1.0,0.131,0.775,0.944
0,0.5,0.902,0.283,0.185,1.0,0.0,0.66,0.945
0,0.6,1.0,0.005,0.0,1.0,1.0,0.284,0.78
0,0.6,0.0,0.0,0.0,1.0,0.991,0.532,0.893
0,0.6,0.374,1.0,1.0,1.0,0.958,0.566,0.91
0,0.6,0.0,0.0,0.0,0.0,0.883,0.116,0.913
0,0.6,0.37,0.031,0.024,1.0,0.688,0.0,0.832
0,0.6,0.427,0.162,0.19,1.0,0.99,0.347,0.894
0,0.6,0.0,0.0,0.0,1.0,0.469,1.0,0.838
0,0.6,0.282,0.209,0.243,1.0,0.432,0.499,0.927
0,0.6,0.239,0.01,0.013,1.0,0.289,0.06,0.91
0,0.6,0.339,0.796,0.801,1.0,0.131,0.775,0.944
0,0.6,0.571,0.12,0.088,1.0,0.0,0.66,0.945
0,0.7,0.0,0.0,0.0,1.0,1.0,0.284,0.78
0,0.7,0.0,0.0,0.0,1.0,0.991,0.532,0.893
0,0.7,0.59,1.0,1.0,1.0,0.958,0.566,0.91
0,0.7,0.0,0.0,0.0,0.0,0.883,0.116,0.913
0,0.7,0.0,0.0,0.0,1.0,0.688,0.0,0.832
0,0.7,0.744,0.145,0.158,1.0,0.99,0.347,0.894
0,0.7,0.0,0.0,0.0,1.0,0.469,1.0,0.838
0,0.7,0.439,0.099,0.134,1.0,0.432,0.499,0.927
0,0.7,0.0,0.0,0.0,1.0,0.289,0.06,0.91
0,0.7,0.483,0.611,0.594,1.0,0.131,0.775,0.944
0,0.7,1.0,0.031,0.03,1.0,0.0,0.66,0.945
0,0.8,0.0,0.0,0.0,1.0,1.0,0.284,0.78
0,0.8,0.0,0.0,0.0,1.0,0.991,0.532,0.893
0,0.8,0.93,1.0,1.0,1.0,0.958,0.566,0.91
0,0.8,0.0,0.0,0.0,0.0,0.883,0.116,0.913
0,0.8,0.0,0.0,0.0,1.0,0.688,0.0,0.832
0,0.8,0.792,0.108,0.127,1.0,0.99,0.347,0.894
0,0.8,0.0,0.0,0.0,1.0,0.469,1.0,0.838
0,0.8,1.0,0.048,0.286,1.0,0.432,0.499,0.927
0,0.8,0.0,0.0,0.0,1.0,0.289,0.06,0.91
0,0.8,0.756,0.458,0.511,1.0,0.131,0.775,0.944
0,0.8,0.0,0.0,0.0,1.0,0.0,0.66,0.945
0,0.9,0.0,0.0,0.0,1.0,1.0,0.284,0.78
0,0.9,0.0,0.0,0.0,1.0,0.991,0.532,0.893
0,0.9,0.629,1.0,1.0,1.0,0.958,0.566,0.91
0,0.9,0.0,0.0,0.0,0.0,0.883,0.116,0.913
0,0.9,0.0,0.0,0.0,1.0,0.688,0.0,0.832
0,0.9,0.401,0.054,0.058,1.0,0.99,0.347,0.894
0,0.9,0.0,0.0,0.0,1.0,0.469,1.0,0.838
0,0.9,1.0,0.018,0.0,1.0,0.432,0.499,0.927
0,0.9,0.0,0.0,0.0,1.0,0.289,0.06,0.91
0,0.9,0.586,0.286,0.352,1.0,0.131,0.775,0.944
0,0.9,0.0,0.0,0.0,1.0,0.0,0.66,0.945
0,1,0.0,0.0,0.0,1.0,1.0,0.284,0.78
0,1,0.0,0.0,0.0,1.0,0.991,0.532,0.893
0,1,0.787,1.0,1.0,1.0,0.958,0.566,0.91
0,1,0.0,0.0,0.0,0.0,0.883,0.116,0.913
0,1,0.0,0.0,0.0,1.0,0.688,0.0,0.832
0,1,0.416,0.027,0.0,1.0,0.99,0.347,0.894
0,1,0.0,0.0,0.0,1.0,0.469,1.0,0.838
0,1,0.0,0.0,0.0,1.0,0.432,0.499,0.927
0,1,0.0,0.0,0.0,1.0,0.289,0.06,0.91
0,1,1.0,0.27,0.326,1.0,0.131,0.775,0.944
0,1,0.0,0.0,0.0,1.0,0.0,0.66,0.945
0,0,0.318,0.669,0.435,0.0,0.744,0.478,0.78
0,0,0.767,0.207,0.0,0.0,1.0,0.511,0.893
0,0,1.0,0.764,1.0,0.0,0.826,1.0,0.91
0,0,0.243,0.066,0.098,0.0,0.356,0.235,0.913
0,0,0.269,0.0,0.114,0.0,0.07,0.199,0.832
0,0,0.313,0.067,0.138,0.0,0.695,0.264,0.894
0,0,0.937,0.694,0.345,0.0,0.353,0.836,0.838
0,0,0.295,0.231,0.538,0.0,0.324,0.362,0.927
0,0,0.179,0.173,0.167,0.0,0.204,0.187,0.91
0,0,0.0,0.028,0.307,0.0,0.134,0.0,0.944
0,0,0.419,1.0,0.662,0.0,0.0,0.649,0.945
0,0.1,0.76,0.189,0.0,0.0,0.744,0.478,0.78
0,0.1,1.0,0.318,0.1,0.0,1.0,0.511,0.893
0,0.1,0.962,1.0,1.0,0.0,0.826,1.0,0.91
0,0.1,0.238,0.26,0.155,0.0,0.356,0.235,0.913
0,0.1,0.267,0.266,0.184,0.0,0.07,0.199,0.832
0,0.1,0.404,0.195,0.113,0.0,0.695,0.264,0.894
0,0.1,0.972,0.877,0.471,0.0,0.353,0.836,0.838
0,0.1,0.248,0.446,0.509,0.0,0.324,0.362,0.927
0,0.1,0.301,0.156,0.053,0.0,0.204,0.187,0.91
0,0.1,0.0,0.0,0.005,0.0,0.134,0.0,0.944
0,0.1,0.725,0.556,0.255,0.0,0.0,0.649,0.945
0,0.2,0.761,0.099,0.042,0.0,0.744,0.478,0.78
0,0.2,1.0,0.196,0.114,0.0,1.0,0.511,0.893
0,0.2,0.638,1.0,1.0,0.0,0.826,1.0,0.91
0,0.2,0.094,0.283,0.226,0.0,0.356,0.235,0.913
0,0.2,0.136,0.336,0.281,0.0,0.07,0.199,0.832
0,0.2,0.283,0.176,0.142,0.0,0.695,0.264,0.894
0,0.2,0.976,0.543,0.339,0.0,0.353,0.836,0.838
0,0.2,0.157,0.343,0.387,0.0,0.324,0.362,0.927
0,0.2,0.331,0.106,0.071,0.0,0.204,0.187,0.91
0,0.2,0.0,0.0,0.0,0.0,0.134,0.0,0.944
0,0.2,0.732,0.342,0.199,0.0,0.0,0.649,0.945
0,0.3,0.785,0.034,0.02,0.0,0.744,0.478,0.78
0,0.3,0.79,0.084,0.055,0.0,1.0,0.511,0.893
0,0.3,0.413,1.0,1.0,0.0,0.826,1.0,0.91
0,0.3,0.0,0.231,0.188,0.0,0.356,0.235,0.913
0,0.3,0.081,0.346,0.286,0.0,0.07,0.199,0.832
0,0.3,0.221,0.104,0.089,0.0,0.695,0.264,0.894
0,0.3,1.0,0.192,0.127,0.0,0.353,0.836,0.838
0,0.3,0.092,0.216,0.251,0.0,0.324,0.362,0.927
0,0.3,0.453,0.045,0.035,0.0,0.204,0.187,0.91
0,0.3,0.252,0.0,0.0,0.0,0.134,0.0,0.944
0,0.3,0.599,0.165,0.105,0.0,0.0,0.649,0.945
0,0.4,0.348,0.005,0.005,0.0,0.744,0.478,0.78
0,0.4,0.306,0.012,0.009,0.0,1.0,0.511,0.893
0,0.4,0.16,1.0,1.0,0.0,0.826,1.0,0.91
0,0.4,0.0,0.145,0.117,0.0,0.356,0.235,0.913
0,0.4,0.025,0.297,0.24,0.0,0.07,0.199,0.832
0,0.4,0.026,0.042,0.036,0.0,0.695,0.264,0.894
0,0.4,0.507,0.047,0.031,0.0,0.353,0.836,0.838
0,0.4,0.031,0.124,0.145,0.0,0.324,0.362,0.927
0,0.4,0.346,0.009,0.013,0.0,0.204,0.187,0.91
0,0.4,1.0,0.0,0.0,0.0,0.134,0.0,0.944
0,0.4,0.308,0.056,0.036,0.0,0.0,0.649,0.945
0,0.5,0.531,0.009,0.004,0.0,0.744,0.478,0.78
0,0.5,0.0,0.0,0.0,0.0,1.0,0.511,0.893
0,0.5,0.361,1.0,1.0,0.0,0.826,1.0,0.91
0,0.5,0.217,0.098,0.092,0.0,0.356,0.235,0.913
0,0.5,0.269,0.364,0.295,0.0,0.07,0.199,0.832
0,0.5,0.431,0.018,0.013,0.0,0.695,0.264,0.894
0,0.5,1.0,0.004,0.0,0.0,0.353,0.836,0.838
0,0.5,0.289,0.089,0.1,0.0,0.324,0.362,0.927
0,0.5,0.0,0.0,0.0,0.0,0.204,0.187,0.91
0,0.5,0.0,0.0,0.0,0.0,0.134,0.0,0.944
0,0.5,0.576,0.018,0.011,0.0,0.0,0.649,0.945
0,0.6,0.0,0.0,0.0,0.0,0.744,0.478,0.78
0,0.6,0.0,0.0,0.0,0.0,1.0,0.511,0.893
0,0.6,0.553,1.0,1.0,0.0,0.826,1.0,0.91
0,0.6,0.496,0.035,0.027,0.0,0.356,0.235,0.913
0,0.6,0.391,0.426,0.33,0.0,0.07,0.199,0.832
0,0.6,1.0,0.017,0.007,0.0,0.695,0.264,0.894
0,0.6,0.0,0.0,0.0,0.0,0.353,0.836,0.838
0,0.6,0.49,0.078,0.083,0.0,0.324,0.362,0.927
0,0.6,0.0,0.0,0.0,0.0,0.204,0.187,0.91
0,0.6,0.0,0.0,0.0,0.0,0.134,0.0,0.944
0,0.6,0.0,0.0,0.0,0.0,0.0,0.649,0.945
0,0.7,0.0,0.0,0.0,0.0,0.744,0.478,0.78
0,0.7,0.0,0.0,0.0,0.0,1.0,0.511,0.893
0,0.7,0.775,1.0,1.0,0.0,0.826,1.0,0.91
0,0.7,0.532,0.017,0.0,0.0,0.356,0.235,0.913
0,0.7,0.625,0.407,0.319,0.0,0.07,0.199,0.832
0,0.7,0.0,0.0,0.0,0.0,0.695,0.264,0.894
0,0.7,0.0,0.0,0.0,0.0,0.353,0.836,0.838
0,0.7,1.0,0.051,0.061,0.0,0.324,0.362,0.927
0,0.7,0.0,0.0,0.0,0.0,0.204,0.187,0.91
0,0.7,0.0,0.0,0.0,0.0,0.134,0.0,0.944
0,0.7,0.0,0.0,0.0,0.0,0.0,0.649,0.945
0,0.8,0.0,0.0,0.0,0.0,0.744,0.478,0.78
0,0.8,0.0,0.0,0.0,0.0,1.0,0.511,0.893
0,0.8,0.703,1.0,1.0,0.0,0.826,1.0,0.91
0,0.8,0.532,0.029,0.0,0.0,0.356,0.235,0.913
0,0.8,0.584,0.343,0.273,0.0,0.07,0.199,0.832
0,0.8,0.0,0.0,0.0,0.0,0.695,0.264,0.894
0,0.8,0.0,0.0,0.0,0.0,0.353,0.836,0.838
0,0.8,1.0,0.086,0.102,0.0,0.324,0.362,0.927
0,0.8,0.0,0.0,0.0,0.0,0.204,0.187,0.91
0,0.8,0.0,0.0,0.0,0.0,0.134,0.0,0.944
0,0.8,0.0,0.0,0.0,0.0,0.0,0.649,0.945
0,0.9,0.0,0.0,0.0,0.0,0.744,0.478,0.78
0,0.9,0.0,0.0,0.0,0.0,1.0,0.511,0.893
0,0.9,1.0,1.0,1.0,0.0,0.826,1.0,0.91
0,0.9,0.0,0.0,0.0,0.0,0.356,0.235,0.913
0,0.9,0.726,0.333,0.254,0.0,0.07,0.199,0.832
0,0.9,0.0,0.0,0.0,0.0,0.695,0.264,0.894
0,0.9,0.0,0.0,0.0,0.0,0.353,0.836,0.838
0,0.9,0.922,0.048,0.0,0.0,0.324,0.362,0.927
0,0.9,0.0,0.0,0.0,0.0,0.204,0.187,0.91
0,0.9,0.0,0.0,0.0,0.0,0.134,0.0,0.944
0,0.9,0.0,0.0,0.0,0.0,0.0,0.649,0.945
0,1,0.0,0.0,0.0,0.0,0.744,0.478,0.78
0,1,0.0,0.0,0.0,0.0,1.0,0.511,0.893
0,1,1.0,1.0,1.0,0.0,0.826,1.0,0.91
0,1,0.0,0.0,0.0,0.0,0.356,0.235,0.913
0,1,0.827,0.167,0.112,0.0,0.07,0.199,0.832
0,1,0.0,0.0,0.0,0.0,0.695,0.264,0.894
0,1,0.0,0.0,0.0,0.0,0.353,0.836,0.838
0,1,0.0,0.0,0.0,0.0,0.324,0.362,0.927
0,1,0.0,0.0,0.0,0.0,0.204,0.187,0.91
0,1,0.0,0.0,0.0,0.0,0.134,0.0,0.944
0,1,0.0,0.0,0.0,0.0,0.0,0.649,0.945
0,0,0.0,0.47,0.361,0.0,1.0,0.065,0.78
0,0,0.279,1.0,1.0,0.114,0.831,1.0,0.893
0,0,1.0,0.0,0.0,0.192,0.645,0.076,0.91
0,0,0.313,0.432,0.408,0.634,0.747,0.324,0.913
0,0,0.491,0.394,0.429,0.967,0.489,0.401,0.832
0,0,0.176,0.317,0.281,1.0,0.715,0.107,0.894
0,0,0.527,0.74,0.597,1.0,0.262,0.895,0.838
0,0,0.215,0.43,0.634,1.0,0.304,0.343,0.927
0,0,0.022,0.385,0.337,1.0,0.174,0.0,0.91
0,0,0.783,0.571,0.8,1.0,0.112,0.908,0.944
0,0,0.079,0.542,0.461,1.0,0.0,0.138,0.945
0,0.1,0.513,0.0,0.0,0.0,1.0,0.065,0.78
0,0.1,0.364,0.685,0.535,0.114,0.831,1.0,0.893
0,0.1,1.0,0.276,0.333,0.192,0.645,0.076,0.91
0,0.1,0.587,0.332,0.307,0.634,0.747,0.324,0.913
0,0.1,0.694,0.451,0.42,0.967,0.489,0.401,0.832
0,0.1,0.307,0.239,0.228,1.0,0.715,0.107,0.894
0,0.1,0.549,0.854,0.579,1.0,0.262,0.895,0.838
0,0.1,0.0,0.607,0.664,1.0,0.304,0.343,0.927
0,0.1,0.031,0.249,0.215,1.0,0.174,0.0,0.91
0,0.1,0.653,1.0,1.0,1.0,0.112,0.908,0.944
0,0.1,0.461,0.244,0.176,1.0,0.0,0.138,0.945
0,0.2,0.792,0.0,0.0,0.0,1.0,0.065,0.78
0,0.2,0.608,0.086,0.073,0.114,0.831,1.0,0.893
0,0.2,0.58,0.418,0.423,0.192,0.645,0.076,0.91
0,0.2,0.767,0.196,0.174,0.634,0.747,0.324,0.913
0,0.2,0.683,0.355,0.319,0.967,0.489,0.401,0.832
0,0.2,0.421,0.178,0.158,1.0,0.715,0.107,0.894
0,0.2,1.0,0.232,0.165,1.0,0.262,0.895,0.838
0,0.2,0.0,0.489,0.504,1.0,0.304,0.343,0.927
0,0.2,0.187,0.169,0.145,1.0,0.174,0.0,0.91
0,0.2,0.349,1.0,1.0,1.0,0.112,0.908,0.944
0,0.2,0.733,0.137,0.099,1.0,0.0,0.138,0.945
0,0.3,0.794,0.0,0.0,0.0,1.0,0.065,0.78
0,0.3,0.704,0.008,0.008,0.114,0.831,1.0,0.893
0,0.3,0.368,0.517,0.527,0.192,0.645,0.076,0.91
0,0.3,0.898,0.088,0.076,0.634,0.747,0.324,0.913
0,0.3,0.619,0.296,0.263,0.967,0.489,0.401,0.832
0,0.3,0.403,0.118,0.11,1.0,0.715,0.107,0.894
0,0.3,1.0,0.039,0.03,1.0,0.262,0.895,0.838
0,0.3,0.0,0.403,0.411,1.0,0.304,0.343,0.927
0,0.3,0.39,0.102,0.087,1.0,0.174,0.0,0.91
0,0.3,0.254,1.0,1.0,1.0,0.112,0.908,0.944
0,0.3,0.929,0.065,0.046,1.0,0.0,0.138,0.945
0,0.4,0.0,0.0,0.0,0.0,1.0,0.065,0.78
0,0.4,0.0,0.0,0.0,0.114,0.831,1.0,0.893
0,0.4,0.315,0.586,0.595,0.192,0.645,0.076,0.91
0,0.4,0.46,0.026,0.021,0.634,0.747,0.324,0.913
0,0.4,0.377,0.213,0.192,0.967,0.489,0.401,0.832
0,0.4,0.317,0.066,0.06,1.0,0.715,0.107,0.894
0,0.4,1.0,0.003,0.002,1.0,0.262,0.895,0.838
0,0.4,0.216,0.292,0.297,1.0,0.304,0.343,0.927
0,0.4,0.336,0.066,0.055,1.0,0.174,0.0,0.91
0,0.4,0.285,1.0,1.0,1.0,0.112,0.908,0.944
0,0.4,0.586,0.022,0.015,1.0,0.0,0.138,0.945
0,0.5,0.0,0.0,0.0,0.0,1.0,0.065,0.78
0,0.5,0.0,0.0,0.0,0.114,0.831,1.0,0.893
0,0.5,0.504,0.747,0.775,0.192,0.645,0.076,0.91
0,0.5,0.466,0.007,0.005,0.634,0.747,0.324,0.913
0,0.5,0.559,0.148,0.139,0.967,0.489,0.401,0.832
0,0.5,0.398,0.046,0.048,1.0,0.715,0.107,0.894
0,0.5,0.0,0.0,0.0,1.0,0.262,0.895,0.838
0,0.5,0.313,0.226,0.239,1.0,0.304,0.343,0.927
0,0.5,0.291,0.029,0.026,1.0,0.174,0.0,0.91
0,0.5,0.467,1.0,1.0,1.0,0.112,0.908,0.944
0,0.5,1.0,0.005,0.016,1.0,0.0,0.138,0.945
0,0.6,0.0,0.0,0.0,0.0,1.0,0.065,0.78
0,0.6,0.0,0.0,0.0,0.114,0.831,1.0,0.893
0,0.6,0.725,0.987,1.0,0.192,0.645,0.076,0.91
0,0.6,1.0,0.004,0.0,0.634,0.747,0.324,0.913
0,0.6,0.687,0.093,0.082,0.967,0.489,0.401,0.832
0,0.6,0.753,0.031,0.028,1.0,0.715,0.107,0.894
0,0.6,0.0,0.0,0.0,1.0,0.262,0.895,0.838
0,0.6,0.342,0.164,0.163,1.0,0.304,0.343,0.927
0,0.6,0.183,0.009,0.007,1.0,0.174,0.0,0.91
0,0.6,0.645,1.0,0.949,1.0,0.112,0.908,0.944
0,0.6,0.0,0.0,0.0,1.0,0.0,0.138,0.945
0,0.7,0.0,0.0,0.0,0.0,1.0,0.065,0.78
0,0.7,0.0,0.0,0.0,0.114,0.831,1.0,0.893
0,0.7,1.0,1.0,1.0,0.192,0.645,0.076,0.91
0,0.7,0.0,0.0,0.0,0.634,0.747,0.324,0.913
0,0.7,0.746,0.053,0.044,0.967,0.489,0.401,0.832
0,0.7,0.881,0.02,0.024,1.0,0.715,0.107,0.894
0,0.7,0.0,0.0,0.0,1.0,0.262,0.895,0.838
0,0.7,0.333,0.106,0.104,1.0,0.304,0.343,0.927
0,0.7,0.0,0.0,0.0,1.0,0.174,0.0,0.91
0,0.7,0.814,0.795,0.735,1.0,0.112,0.908,0.944
0,0.7,0.0,0.0,0.0,1.0,0.0,0.138,0.945
0,0.8,0.0,0.0,0.0,0.0,1.0,0.065,0.78
0,0.8,0.0,0.0,0.0,0.114,0.831,1.0,0.893
0,0.8,1.0,1.0,1.0,0.192,0.645,0.076,0.91
0,0.8,0.0,0.0,0.0,0.634,0.747,0.324,0.913
0,0.8,0.638,0.043,0.039,0.967,0.489,0.401,0.832
0,0.8,0.0,0.0,0.0,1.0,0.715,0.107,0.894
0,0.8,0.0,0.0,0.0,1.0,0.262,0.895,0.838
0,0.8,0.312,0.06,0.049,1.0,0.304,0.343,0.927
0,0.8,0.0,0.0,0.0,1.0,0.174,0.0,0.91
0,0.8,0.796,0.474,0.432,1.0,0.112,0.908,0.944
0,0.8,0.0,0.0,0.0,1.0,0.0,0.138,0.945
0,0.9,0.0,0.0,0.0,0.0,1.0,0.065,0.78
0,0.9,0.0,0.0,0.0,0.114,0.831,1.0,0.893
0,0.9,1.0,1.0,1.0,0.192,0.645,0.076,0.91
0,0.9,0.0,0.0,0.0,0.634,0.747,0.324,0.913
0,0.9,0.835,0.012,0.0,0.967,0.489,0.401,0.832
0,0.9,0.0,0.0,0.0,1.0,0.715,0.107,0.894
0,0.9,0.0,0.0,0.0,1.0,0.262,0.895,0.838
0,0.9,0.498,0.024,0.014,1.0,0.304,0.343,0.927
0,0.9,0.0,0.0,0.0,1.0,0.174,0.0,0.91
0,0.9,0.74,0.28,0.224,1.0,0.112,0.908,0.944
0,0.9,0.0,0.0,0.0,1.0,0.0,0.138,0.945
0,1,0.0,0.0,0.0,0.0,1.0,0.065,0.78
0,1,0.0,0.0,0.0,0.114,0.831,1.0,0.893
0,1,1.0,1.0,1.0,0.192,0.645,0.076,0.91
0,1,0.0,0.0,0.0,0.634,0.747,0.324,0.913
0,1,0.799,0.016,0.0,0.967,0.489,0.401,0.832
0,1,0.0,0.0,0.0,1.0,0.715,0.107,0.894
0,1,0.0,0.0,0.0,1.0,0.262,0.895,0.838
0,1,0.0,0.0,0.0,1.0,0.304,0.343,0.927
0,1,0.0,0.0,0.0,1.0,0.174,0.0,0.91
0,1,0.434,0.18,0.166,1.0,0.112,0.908,0.944
0,1,0.0,0.0,0.0,1.0,0.0,0.138,0.945
0,0,0.027,0.652,0.528,1.0,0.472,0.285,0.78
0,0,0.621,0.095,0.014,1.0,0.876,0.202,0.893
0,0,0.142,1.0,1.0,1.0,0.635,0.808,0.91
0,0,0.126,0.0,0.0,1.0,0.312,0.0,0.913
0,0,0.192,0.318,0.33,0.0,0.019,0.266,0.832
0,0,0.12,0.401,0.404,0.318,1.0,0.284,0.894
0,0,0.943,0.398,0.194,1.0,0.503,0.621,0.838
0,0,1.0,0.722,0.861,0.995,0.508,1.0,0.927
0,0,0.0,0.333,0.294,1.0,0.371,0.141,0.91
0,0,0.446,0.75,0.899,1.0,0.22,0.842,0.944
0,0,0.118,0.684,0.479,1.0,0.0,0.394,0.945
0,0.1,0.686,0.0,0.0,1.0,0.472,0.285,0.78
0,0.1,0.804,0.245,0.152,1.0,0.876,0.202,0.893
0,0.1,0.0,0.547,0.475,1.0,0.635,0.808,0.91
0,0.1,0.075,0.107,0.096,1.0,0.312,0.0,0.913
0,0.1,0.178,0.324,0.288,0.0,0.019,0.266,0.832
0,0.1,0.275,0.117,0.15,0.318,1.0,0.284,0.894
0,0.1,0.917,0.714,0.417,1.0,0.503,0.621,0.838
0,0.1,1.0,1.0,1.0,0.995,0.508,1.0,0.927
0,0.1,0.033,0.15,0.138,1.0,0.371,0.141,0.91
0,0.1,0.233,0.933,0.944,1.0,0.22,0.842,0.944
0,0.1,0.458,0.3,0.181,1.0,0.0,0.394,0.945
0,0.2,1.0,0.0,0.0,1.0,0.472,0.285,0.78
0,0.2,0.678,0.28,0.195,1.0,0.876,0.202,0.893
0,0.2,0.0,0.249,0.21,1.0,0.635,0.808,0.91
0,0.2,0.111,0.232,0.18,1.0,0.312,0.0,0.913
0,0.2,0.247,0.316,0.256,0.0,0.019,0.266,0.832
0,0.2,0.285,0.071,0.073,0.318,1.0,0.284,0.894
0,0.2,0.813,0.564,0.377,1.0,0.503,0.621,0.838
0,0.2,0.611,1.0,1.0,0.995,0.508,1.0,0.927
0,0.2,0.179,0.116,0.1,1.0,0.371,0.141,0.91
0,0.2,0.176,0.687,0.687,1.0,0.22,0.842,0.944
0,0.2,0.669,0.189,0.12,1.0,0.0,0.394,0.945
0,0.3,1.0,0.0,0.0,1.0,0.472,0.285,0.78
0,0.3,0.734,0.231,0.163,1.0,0.876,0.202,0.893
0,0.3,0.0,0.123,0.09,1.0,0.635,0.808,0.91
0,0.3,0.246,0.246,0.177,1.0,0.312,0.0,0.913
0,0.3,0.352,0.298,0.229,0.0,0.019,0.266,0.832
0,0.3,0.411,0.035,0.035,0.318,1.0,0.284,0.894
0,0.3,0.968,0.305,0.221,1.0,0.503,0.621,0.838
0,0.3,0.497,1.0,1.0,0.995,0.508,1.0,0.927
0,0.3,0.247,0.082,0.066,1.0,0.371,0.141,0.91
0,0.3,0.22,0.484,0.464,1.0,0.22,0.842,0.944
0,0.3,0.674,0.145,0.099,1.0,0.0,0.394,0.945
0,0.4,0.683,0.0,0.0,1.0,0.472,0.285,0.78
0,0.4,0.493,0.096,0.076,1.0,0.876,0.202,0.893
0,0.4,0.0,0.051,0.04,1.0,0.635,0.808,0.91
0,0.4,0.25,0.225,0.177,1.0,0.312,0.0,0.913
0,0.4,0.365,0.307,0.244,0.0,0.019,0.266,0.832
0,0.4,0.474,0.02,0.018,0.318,1.0,0.284,0.894
0,0.4,1.0,0.099,0.175,1.0,0.503,0.621,0.838
0,0.4,0.417,1.0,1.0,0.995,0.508,1.0,0.927
0,0.4,0.429,0.055,0.045,1.0,0.371,0.141,0.91
0,0.4,0.159,0.334,0.329,1.0,0.22,0.842,0.944
0,0.4,0.579,0.085,0.066,1.0,0.0,0.394,0.945
0,0.5,0.0,0.0,0.0,1.0,0.472,0.285,0.78
0,0.5,0.654,0.053,0.043,1.0,0.876,0.202,0.893
0,0.5,0.184,0.053,0.039,1.0,0.635,0.808,0.91
0,0.5,0.332,0.217,0.178,1.0,0.312,0.0,0.913
0,0.5,0.457,0.303,0.232,0.0,0.019,0.266,0.832
0,0.5,0.0,0.0,0.0,0.318,1.0,0.284,0.894
0,0.5,1.0,0.039,0.128,1.0,0.503,0.621,0.838
0,0.5,0.423,1.0,1.0,0.995,0.508,1.0,0.927
0,0.5,0.515,0.026,0.018,1.0,0.371,0.141,0.91
0,0.5,0.289,0.204,0.191,1.0,0.22,0.842,0.944
0,0.5,0.599,0.039,0.051,1.0,0.0,0.394,0.945
0,0.6,0.0,0.0,0.0,1.0,0.472,0.285,0.78
0,0.6,0.812,0.032,0.159,1.0,0.876,0.202,0.893
0,0.6,0.0,0.0,0.0,1.0,0.635,0.808,0.91
0,0.6,0.435,0.137,0.137,1.0,0.312,0.0,0.913
0,0.6,1.0,0.189,0.13,0.0,0.019,0.266,0.832
0,0.6,0.0,0.0,0.0,0.318,1.0,0.284,0.894
0,0.6,0.0,0.0,0.0,1.0,0.503,0.621,0.838
0,0.6,0.824,1.0,1.0,0.995,0.508,1.0,0.927
0,0.6,0.707,0.011,0.0,1.0,0.371,0.141,0.91
0,0.6,0.643,0.116,0.099,1.0,0.22,0.842,0.944
0,0.6,0.0,0.0,0.0,1.0,0.0,0.394,0.945
0,0.7,0.0,0.0,0.0,1.0,0.472,0.285,0.78
0,0.7,0.0,0.0,0.0,1.0,0.876,0.202,0.893
0,0.7,0.0,0.0,0.0,1.0,0.635,0.808,0.91
0,0.7,0.445,0.064,0.048,1.0,0.312,0.0,0.913
0,0.7,1.0,0.17,0.097,0.0,0.019,0.266,0.832
0,0.7,0.0,0.0,0.0,0.318,1.0,0.284,0.894
0,0.7,0.0,0.0,0.0,1.0,0.503,0.621,0.838
0,0.7,0.87,1.0,1.0,0.995,0.508,1.0,0.927
0,0.7,0.0,0.0,0.0,1.0,0.371,0.141,0.91
0,0.7,0.532,0.106,0.098,1.0,0.22,0.842,0.944
0,0.7,0.0,0.0,0.0,1.0,0.0,0.394,0.945
0,0.8,0.0,0.0,0.0,1.0,0.472,0.285,0.78
0,0.8,0.0,0.0,0.0,1.0,0.876,0.202,0.893
0,0.8,0.0,0.0,0.0,1.0,0.635,0.808,0.91
0,0.8,0.718,0.048,0.0,1.0,0.312,0.0,0.913
0,0.8,0.794,0.095,0.045,0.0,0.019,0.266,0.832
0,0.8,0.0,0.0,0.0,0.318,1.0,0.284,0.894
0,0.8,0.0,0.0,0.0,1.0,0.503,0.621,0.838
0,0.8,0.951,1.0,1.0,0.995,0.508,1.0,0.927
0,0.8,0.0,0.0,0.0,1.0,0.371,0.141,0.91
0,0.8,1.0,0.095,0.055,1.0,0.22,0.842,0.944
0,0.8,0.0,0.0,0.0,1.0,0.0,0.394,0.945
0,0.9,0.0,0.0,0.0,1.0,0.472,0.285,0.78
0,0.9,0.0,0.0,0.0,1.0,0.876,0.202,0.893
0,0.9,0.0,0.0,0.0,1.0,0.635,0.808,0.91
0,0.9,0.55,0.1,0.0,1.0,0.312,0.0,0.913
0,0.9,0.28,0.1,0.0,0.0,0.019,0.266,0.832
0,0.9,0.0,0.0,0.0,0.318,1.0,0.284,0.894
0,0.9,0.0,0.0,0.0,1.0,0.503,0.621,0.838
0,0.9,1.0,1.0,1.0,0.995,0.508,1.0,0.927
0,0.9,0.0,0.0,0.0,1.0,0.371,0.141,0.91
0,0.9,0.477,0.1,0.0,1.0,0.22,0.842,0.944
0,0.9,0.0,0.0,0.0,1.0,0.0,0.394,0.945
0,1,0.0,0.0,0.0,1.0,0.472,0.285,0.78
0,1,0.0,0.0,0.0,1.0,0.876,0.202,0.893
0,1,0.0,0.0,0.0,1.0,0.635,0.808,0.91
0,1,0.838,0.2,0.0,1.0,0.312,0.0,0.913
0,1,0.427,0.2,0.0,0.0,0.019,0.266,0.832
0,1,0.0,0.0,0.0,0.318,1.0,0.284,0.894
0,1,0.0,0.0,0.0,1.0,0.503,0.621,0.838
0,1,1.0,1.0,1.0,0.995,0.508,1.0,0.927
0,1,0.0,0.0,0.0,1.0,0.371,0.141,0.91
0,1,0.0,0.0,0.0,1.0,0.22,0.842,0.944
0,1,0.0,0.0,0.0,1.0,0.0,0.394,0.945
0,0,0.0,0.372,0.367,1.0,1.0,0.0,0.78
0,0,0.823,0.045,0.054,1.0,0.91,0.322,0.893
0,0,0.716,1.0,0.93,1.0,0.698,1.0,0.91
0,0,0.371,0.0,0.028,1.0,0.477,0.119,0.913
0,0,0.164,0.226,0.24,0.0,0.261,0.132,0.832
0,0,0.776,0.397,0.39,0.532,0.732,0.57,0.894
0,0,1.0,0.142,0.0,0.644,0.359,0.465,0.838
0,0,0.663,0.81,0.902,1.0,0.344,0.817,0.927
0,0,0.564,0.345,0.311,0.62,0.241,0.427,0.91
0,0,0.667,0.954,1.0,0.579,0.153,0.935,0.944
0,0,0.44,0.608,0.394,0.523,0.0,0.481,0.945
0,0.1,0.409,0.0,0.0,1.0,1.0,0.0,0.78
0,0.1,0.754,0.441,0.346,1.0,0.91,0.322,0.893
0,0.1,0.489,0.884,0.77,1.0,0.698,1.0,0.91
0,0.1,0.144,0.347,0.255,1.0,0.477,0.119,0.913
0,0.1,0.0,0.244,0.191,0.0,0.261,0.132,0.832
0,0.1,1.0,0.479,0.409,0.532,0.732,0.57,0.894
0,0.1,0.745,0.678,0.41,0.644,0.359,0.465,0.838
0,0.1,0.454,0.822,0.837,1.0,0.344,0.817,0.927
0,0.1,0.471,0.542,0.431,0.62,0.241,0.427,0.91
0,0.1,0.347,1.0,1.0,0.579,0.153,0.935,0.944
0,0.1,0.477,0.543,0.348,0.523,0.0,0.481,0.945
0,0.2,0.785,0.0,0.0,1.0,1.0,0.0,0.78
0,0.2,0.808,0.509,0.412,1.0,0.91,0.322,0.893
0,0.2,0.159,0.791,0.615,1.0,0.698,1.0,0.91
0,0.2,0.147,0.445,0.334,1.0,0.477,0.119,0.913
0,0.2,0.0,0.232,0.176,0.0,0.261,0.132,0.832
0,0.2,1.0,0.593,0.482,0.532,0.732,0.57,0.894
0,0.2,0.723,0.991,0.685,0.644,0.359,0.465,0.838
0,0.2,0.414,0.76,0.794,1.0,0.344,0.817,0.927
0,0.2,0.454,0.757,0.597,0.62,0.241,0.427,0.91
0,0.2,0.256,1.0,1.0,0.579,0.153,0.935,0.944
0,0.2,0.569,0.734,0.468,0.523,0.0,0.481,0.945
0,0.3,0.0,0.0,0.0,1.0,1.0,0.0,0.78
0,0.3,0.962,0.502,0.521,1.0,0.91,0.322,0.893
0,0.3,0.362,0.676,0.57,1.0,0.698,1.0,0.91
0,0.3,0.917,0.445,0.422,1.0,0.477,0.119,0.913
0,0.3,0.483,0.259,0.259,0.0,0.261,0.132,0.832
0,0.3,0.992,0.733,0.709,0.532,0.732,0.57,0.894
0,0.3,1.0,0.955,1.0,0.644,0.359,0.465,0.838
0,0.3,0.71,0.668,0.846,1.0,0.344,0.817,0.927
0,0.3,0.818,1.0,0.916,0.62,0.241,0.427,0.91
0,0.3,0.597,0.822,0.96,0.579,0.153,0.935,0.944
0,0.3,0.937,0.842,0.661,0.523,0.0,0.481,0.945
0,0.4,0.0,0.0,0.0,1.0,1.0,0.0,0.78
0,0.4,0.906,0.145,0.231,1.0,0.91,0.322,0.893
0,0.4,0.473,0.374,0.332,1.0,0.698,1.0,0.91
0,0.4,0.809,0.336,0.34,1.0,0.477,0.119,0.913
0,0.4,0.758,0.122,0.139,0.0,0.261,0.132,0.832
0,0.4,1.0,0.595,0.624,0.532,0.732,0.57,0.894
0,0.4,0.984,0.405,0.718,0.644,0.359,0.465,0.838
0,0.4,0.719,0.328,0.438,1.0,0.344,0.817,0.927
0,0.4,0.872,1.0,1.0,0.62,0.241,0.427,0.91
0,0.4,0.743,0.366,0.445,0.579,0.153,0.935,0.944
0,0.4,0.939,0.603,0.555,0.523,0.0,0.481,0.945
0,0.5,0.0,0.0,0.0,1.0,1.0,0.0,0.78
0,0.5,0.888,0.081,0.138,1.0,0.91,0.322,0.893
0,0.5,0.517,0.177,0.133,1.0,0.698,1.0,0.91
0,0.5,0.578,0.226,0.24,1.0,0.477,0.119,0.913
0,0.5,0.53,0.081,0.096,0.0,0.261,0.132,0.832
0,0.5,0.878,0.597,0.598,0.532,0.732,0.57,0.894
0,0.5,0.675,0.113,0.544,0.644,0.359,0.465,0.838
0,0.5,0.689,0.194,0.224,1.0,0.344,0.817,0.927
0,0.5,0.768,1.0,1.0,0.62,0.241,0.427,0.91
0,0.5,0.527,0.129,0.211,0.579,0.153,0.935,0.944
0,0.5,1.0,0.419,0.36,0.523,0.0,0.481,0.945
0,0.6,0.0,0.0,0.0,1.0,1.0,0.0,0.78
0,0.6,0.0,0.0,0.0,1.0,0.91,0.322,0.893
0,0.6,1.0,0.042,0.0,1.0,0.698,1.0,0.91
0,0.6,0.078,0.125,1.0,1.0,0.477,0.119,0.913
0,0.6,0.106,0.083,0.228,0.0,0.261,0.132,0.832
0,0.6,0.368,0.75,0.396,0.532,0.732,0.57,0.894
0,0.6,0.556,0.042,0.0,0.644,0.359,0.465,0.838
0,0.6,0.238,0.125,0.061,1.0,0.344,0.817,0.927
0,0.6,0.391,1.0,0.533,0.62,0.241,0.427,0.91
0,0.6,0.148,0.083,0.044,0.579,0.153,0.935,0.944
0,0.6,0.76,0.208,0.128,0.523,0.0,0.481,0.945
0,0.7,0.0,0.0,0.0,1.0,1.0,0.0,0.78
0,0.7,0.0,0.0,0.0,1.0,0.91,0.322,0.893
0,0.7,0.0,0.0,0.0,1.0,0.698,1.0,0.91
0,0.7,0.052,0.083,0.0,1.0,0.477,0.119,0.913
0,0.7,0.0,0.0,0.0,0.0,0.261,0.132,0.832
0,0.7,0.366,0.5,0.203,0.532,0.732,0.57,0.894
0,0.7,0.0,0.0,0.0,0.644,0.359,0.465,0.838
0,0.7,0.0,0.0,0.0,1.0,0.344,0.817,0.927
0,0.7,0.627,1.0,0.444,0.62,0.241,0.427,0.91
0,0.7,0.063,0.083,0.0,0.579,0.153,0.935,0.944
0,0.7,1.0,0.333,1.0,0.523,0.0,0.481,0.945
0,0.8,0.0,0.0,0.0,1.0,1.0,0.0,0.78
0,0.8,0.0,0.0,0.0,1.0,0.91,0.322,0.893
0,0.8,0.0,0.0,0.0,1.0,0.698,1.0,0.91
0,0.8,0.0,0.0,0.0,1.0,0.477,0.119,0.913
0,0.8,0.0,0.0,0.0,0.0,0.261,0.132,0.832
0,0.8,0.718,1.0,1.0,0.532,0.732,0.57,0.894
0,0.8,0.0,0.0,0.0,0.644,0.359,0.465,0.838
0,0.8,0.0,0.0,0.0,1.0,0.344,0.817,0.927
0,0.8,0.618,0.667,0.45,0.62,0.241,0.427,0.91
0,0.8,0.0,0.0,0.0,0.579,0.153,0.935,0.944
0,0.8,1.0,0.333,0.0,0.523,0.0,0.481,0.945
0,0.9,0.0,0.0,0.0,1.0,1.0,0.0,0.78
0,0.9,0.0,0.0,0.0,1.0,0.91,0.322,0.893
0,0.9,0.0,0.0,0.0,1.0,0.698,1.0,0.91
0,0.9,0.0,0.0,0.0,1.0,0.477,0.119,0.913
0,0.9,0.0,0.0,0.0,0.0,0.261,0.132,0.832
0,0.9,1.0,1.0,1.0,0.532,0.732,0.57,0.894
0,0.9,0.0,0.0,0.0,0.644,0.359,0.465,0.838
0,0.9,0.0,0.0,0.0,1.0,0.344,0.817,0.927
0,0.9,0.0,0.0,0.0,0.62,0.241,0.427,0.91
0,0.9,0.0,0.0,0.0,0.579,0.153,0.935,0.944
0,0.9,0.0,0.0,0.0,0.523,0.0,0.481,0.945
0,1,0.0,0.0,0.0,1.0,1.0,0.0,0.78
0,1,0.0,0.0,0.0,1.0,0.91,0.322,0.893
0,1,0.0,0.0,0.0,1.0,0.698,1.0,0.91
0,1,0.0,0.0,0.0,1.0,0.477,0.119,0.913
0,1,0.0,0.0,0.0,0.0,0.261,0.132,0.832
0,1,0.0,0.0,0.0,0.532,0.732,0.57,0.894
0,1,0.0,0.0,0.0,0.644,0.359,0.465,0.838
0,1,0.0,0.0,0.0,1.0,0.344,0.817,0.927
0,1,0.0,0.0,0.0,0.62,0.241,0.427,0.91
0,1,0.0,0.0,0.0,0.579,0.153,0.935,0.944
0,1,0.0,0.0,0.0,0.523,0.0,0.481,0.945
0,0,0.0,0.704,0.551,1.0,0.067,0.11,0.78
0,0,0.753,0.456,0.261,1.0,0.504,0.696,0.893
0,0,0.284,0.821,0.919,1.0,0.649,0.743,0.91
0,0,0.192,0.0,0.0,1.0,0.515,0.0,0.913
0,0,0.078,0.455,0.442,0.187,0.0,0.224,0.832
0,0,0.721,0.217,0.23,0.0,1.0,0.514,0.894
0,0,1.0,0.546,0.312,1.0,0.273,1.0,0.838
0,0,0.301,0.836,0.953,1.0,0.221,0.708,0.927
0,0,0.432,0.342,0.304,0.89,0.156,0.403,0.91
0,0,0.233,0.913,1.0,0.912,0.195,0.553,0.944
0,0,0.478,1.0,0.768,1.0,0.377,0.806,0.945
0,0.1,0.685,0.0,0.0,1.0,0.067,0.11,0.78
0,0.1,1.0,0.573,0.565,1.0,0.504,0.696,0.893
0,0.1,0.01,0.503,0.773,1.0,0.649,0.743,0.91
0,0.1,0.167,0.186,0.251,1.0,0.515,0.0,0.913
0,0.1,0.062,0.136,0.208,0.187,0.0,0.224,0.832
0,0.1,0.926,0.459,0.589,0.0,1.0,0.514,0.894
0,0.1,0.961,1.0,0.968,1.0,0.273,1.0,0.838
0,0.1,0.067,0.669,1.0,1.0,0.221,0.708,0.927
0,0.1,0.476,0.523,0.635,0.89,0.156,0.403,0.91
0,0.1,0.0,0.495,0.723,0.912,0.195,0.553,0.944
0,0.1,0.801,0.798,0.812,1.0,0.377,0.806,0.945
0,0.2,0.519,0.0,0.0,1.0,0.067,0.11,0.78
0,0.2,0.95,0.422,0.421,1.0,0.504,0.696,0.893
0,0.2,0.0,0.233,0.35,1.0,0.649,0.743,0.91
0,0.2,0.449,0.171,0.189,1.0,0.515,0.0,0.913
0,0.2,0.094,0.132,0.14,0.187,0.0,0.224,0.832
0,0.2,0.553,0.829,0.975,0.0,1.0,0.514,0.894
0,0.2,1.0,0.601,0.593,1.0,0.273,1.0,0.838
0,0.2,0.117,0.349,0.514,1.0,0.221,0.708,0.927
0,0.2,0.351,0.868,1.0,0.89,0.156,0.403,0.91
0,0.2,0.134,0.078,0.105,0.912,0.195,0.553,0.944
0,0.2,0.709,1.0,1.0,1.0,0.377,0.806,0.945
0,0.3,1.0,0.009,0.012,1.0,0.067,0.11,0.78
0,0.3,0.468,0.113,0.127,1.0,0.504,0.696,0.893
0,0.3,0.0,0.094,0.16,1.0,0.649,0.743,0.91
0,0.3,0.515,0.113,0.11,1.0,0.515,0.0,0.913
0,0.3,0.145,0.047,0.044,0.187,0.0,0.224,0.832
0,0.3,0.37,1.0,1.0,0.0,1.0,0.514,0.894
0,0.3,0.625,0.085,0.106,1.0,0.273,1.0,0.838
0,0.3,0.075,0.104,0.149,1.0,0.221,0.708,0.927
0,0.3,0.3,0.83,0.819,0.89,0.156,0.403,0.91
0,0.3,0.106,0.0,0.0,0.912,0.195,0.553,0.944
0,0.3,0.537,0.792,0.685,1.0,0.377,0.806,0.945
0,0.4,0.0,0.0,0.0,1.0,0.067,0.11,0.78
0,0.4,0.873,0.032,0.0,1.0,0.504,0.696,0.893
0,0.4,0.0,0.0,0.0,1.0,0.649,0.743,0.91
0,0.4,0.711,0.065,0.073,1.0,0.515,0.0,0.913
0,0.4,0.063,0.032,0.0,0.187,0.0,0.224,0.832
0,0.4,0.584,1.0,1.0,0.0,1.0,0.514,0.894
0,0.4,0.0,0.0,0.0,1.0,0.273,1.0,0.838
0,0.4,0.0,0.0,0.0,1.0,0.221,0.708,0.927
0,0.4,0.608,0.774,0.695,0.89,0.156,0.403,0.91
0,0.4,0.0,0.0,0.0,0.912,0.195,0.553,0.944
0,0.4,1.0,0.742,0.602,1.0,0.377,0.806,0.945
0,0.5,0.0,0.0,0.0,1.0,0.067,0.11,0.78
0,0.5,0.0,0.0,0.0,1.0,0.504,0.696,0.893
0,0.5,0.0,0.0,0.0,1.0,0.649,0.743,0.91
0,0.5,0.0,0.0,0.0,1.0,0.515,0.0,0.913
0,0.5,0.0,0.0,0.0,0.187,0.0,0.224,0.832
0,0.5,0.377,1.0,0.676,0.0,1.0,0.514,0.894
0,0.5,0.0,0.0,0.0,1.0,0.273,1.0,0.838
0,0.5,0.0,0.0,0.0,1.0,0.221,0.708,0.927
0,0.5,0.4,1.0,1.0,0.89,0.156,0.403,0.91
0,0.5,0.0,0.0,0.0,0.912,0.195,0.553,0.944
0,0.5,1.0,0.222,0.317,1.0,0.377,0.806,0.945
0,0.6,0.0,0.0,0.0,1.0,0.067,0.11,0.78
0,0.6,0.0,0.0,0.0,1.0,0.504,0.696,0.893
0,0.6,0.0,0.0,0.0,1.0,0.649,0.743,0.91
0,0.6,0.0,0.0,0.0,1.0,0.515,0.0,0.913
0,0.6,0.0,0.0,0.0,0.187,0.0,0.224,0.832
0,0.6,0.574,1.0,0.843,0.0,1.0,0.514,0.894
0,0.6,0.0,0.0,0.0,1.0,0.273,1.0,0.838
0,0.6,0.0,0.0,0.0,1.0,0.221,0.708,0.927
0,0.6,1.0,1.0,1.0,0.89,0.156,0.403,0.91
0,0.6,0.0,0.0,0.0,0.912,0.195,0.553,0.944
0,0.6,0.0,0.0,0.0,1.0,0.377,0.806,0.945
0,0.7,0.0,0.0,0.0,1.0,0.067,0.11,0.78
0,0.7,0.0,0.0,0.0,1.0,0.504,0.696,0.893
0,0.7,0.0,0.0,0.0,1.0,0.649,0.743,0.91
0,0.7,0.0,0.0,0.0,1.0,0.515,0.0,0.913
0,0.7,0.0,0.0,0.0,0.187,0.0,0.224,0.832
0,0.7,0.0,0.0,0.0,0.0,1.0,0.514,0.894
0,0.7,0.0,0.0,0.0,1.0,0.273,1.0,0.838
0,0.7,0.0,0.0,0.0,1.0,0.221,0.708,0.927
0,0.7,0.0,0.0,0.0,0.89,0.156,0.403,0.91
0,0.7,0.0,0.0,0.0,0.912,0.195,0.553,0.944
0,0.7,0.0,0.0,0.0,1.0,0.377,0.806,0.945
0,0.8,0.0,0.0,0.0,1.0,0.067,0.11,0.78
0,0.8,0.0,0.0,0.0,1.0,0.504,0.696,0.893
0,0.8,0.0,0.0,0.0,1.0,0.649,0.743,0.91
0,0.8,0.0,0.0,0.0,1.0,0.515,0.0,0.913
0,0.8,0.0,0.0,0.0,0.187,0.0,0.224,0.832
0,0.8,0.0,0.0,0.0,0.0,1.0,0.514,0.894
0,0.8,0.0,0.0,0.0,1.0,0.273,1.0,0.838
0,0.8,0.0,0.0,0.0,1.0,0.221,0.708,0.927
0,0.8,0.0,0.0,0.0,0.89,0.156,0.403,0.91
0,0.8,0.0,0.0,0.0,0.912,0.195,0.553,0.944
0,0.8,0.0,0.0,0.0,1.0,0.377,0.806,0.945
0,0.9,0.0,0.0,0.0,1.0,0.067,0.11,0.78
0,0.9,0.0,0.0,0.0,1.0,0.504,0.696,0.893
0,0.9,0.0,0.0,0.0,1.0,0.649,0.743,0.91
0,0.9,0.0,0.0,0.0,1.0,0.515,0.0,0.913
0,0.9,0.0,0.0,0.0,0.187,0.0,0.224,0.832
0,0.9,0.0,0.0,0.0,0.0,1.0,0.514,0.894
0,0.9,0.0,0.0,0.0,1.0,0.273,1.0,0.838
0,0.9,0.0,0.0,0.0,1.0,0.221,0.708,0.927
0,0.9,0.0,0.0,0.0,0.89,0.156,0.403,0.91
0,0.9,0.0,0.0,0.0,0.912,0.195,0.553,0.944
0,0.9,0.0,0.0,0.0,1.0,0.377,0.806,0.945
0,1,0.0,0.0,0.0,1.0,0.067,0.11,0.78
0,1,0.0,0.0,0.0,1.0,0.504,0.696,0.893
0,1,0.0,0.0,0.0,1.0,0.649,0.743,0.91
0,1,0.0,0.0,0.0,1.0,0.515,0.0,0.913
0,1,0.0,0.0,0.0,0.187,0.0,0.224,0.832
0,1,0.0,0.0,0.0,0.0,1.0,0.514,0.894
0,1,0.0,0.0,0.0,1.0,0.273,1.0,0.838
0,1,0.0,0.0,0.0,1.0,0.221,0.708,0.927
0,1,0.0,0.0,0.0,0.89,0.156,0.403,0.91
0,1,0.0,0.0,0.0,0.912,0.195,0.553,0.944
0,1,0.0,0.0,0.0,1.0,0.377,0.806,0.945
0,0,0.337,0.785,0.472,1.0,0.629,0.392,0.78
0,0,0.685,0.893,0.502,1.0,1.0,0.757,0.893
0,0,0.742,0.282,0.378,0.544,0.923,0.403,0.91
0,0,0.063,0.557,0.402,0.0,0.467,0.123,0.913
0,0,0.449,0.0,0.0,1.0,0.0,0.006,0.832
0,0,0.0,0.43,0.357,1.0,0.806,0.0,0.894
0,0,1.0,0.71,0.335,1.0,0.815,0.808,0.838
0,0,0.742,1.0,1.0,1.0,0.759,1.0,0.927
0,0,0.703,0.81,0.696,1.0,0.637,0.77,0.91
0,0,0.409,0.919,0.914,0.99,0.52,0.697,0.944
0,0,0.362,0.944,0.549,0.979,0.398,0.608,0.945
0,0.1,0.946,0.276,0.112,1.0,0.629,0.392,0.78
0,0.1,1.0,0.514,0.282,1.0,1.0,0.757,0.893
0,0.1,0.122,0.686,0.714,0.544,0.923,0.403,0.91
0,0.1,0.034,0.118,0.056,0.0,0.467,0.123,0.913
0,0.1,0.05,0.231,0.137,1.0,0.0,0.006,0.832
0,0.1,0.065,0.0,0.0,1.0,0.806,0.0,0.894
0,0.1,0.948,0.788,0.434,1.0,0.815,0.808,0.838
0,0.1,0.364,1.0,1.0,1.0,0.759,1.0,0.927
0,0.1,0.476,0.847,0.782,1.0,0.637,0.77,0.91
0,0.1,0.0,0.687,0.638,0.99,0.52,0.697,0.944
0,0.1,0.412,0.528,0.293,0.979,0.398,0.608,0.945
0,0.2,0.757,0.239,0.131,1.0,0.629,0.392,0.78
0,0.2,0.979,0.136,0.077,1.0,1.0,0.757,0.893
0,0.2,0.0,1.0,1.0,0.544,0.923,0.403,0.91
0,0.2,0.425,0.013,0.0,0.0,0.467,0.123,0.913
0,0.2,0.069,0.39,0.269,1.0,0.0,0.006,0.832
0,0.2,0.625,0.0,0.033,1.0,0.806,0.0,0.894
0,0.2,1.0,0.22,0.118,1.0,0.815,0.808,0.838
0,0.2,0.191,0.705,0.699,1.0,0.759,1.0,0.927
0,0.2,0.252,0.791,0.782,1.0,0.637,0.77,0.91
0,0.2,0.177,0.328,0.282,0.99,0.52,0.697,0.944
0,0.2,0.636,0.211,0.124,0.979,0.398,0.608,0.945
0,0.3,0.432,0.128,0.074,1.0,0.629,0.392,0.78
0,0.3,0.762,0.017,0.017,1.0,1.0,0.757,0.893
0,0.3,0.0,1.0,1.0,0.544,0.923,0.403,0.91
0,0.3,0.375,0.0,0.0,0.0,0.467,0.123,0.913
0,0.3,0.035,0.418,0.287,1.0,0.0,0.006,0.832
0,0.3,0.254,0.02,0.037,1.0,0.806,0.0,0.894
0,0.3,1.0,0.003,0.009,1.0,0.815,0.808,0.838
0,0.3,0.111,0.355,0.355,1.0,0.759,1.0,0.927
0,0.3,0.134,0.662,0.695,1.0,0.637,0.77,0.91
0,0.3,0.053,0.148,0.127,0.99,0.52,0.697,0.944
0,0.3,0.469,0.045,0.027,0.979,0.398,0.608,0.945
0,0.4,0.732,0.068,0.042,1.0,0.629,0.392,0.78
0,0.4,0.865,0.005,0.0,1.0,1.0,0.757,0.893
0,0.4,0.317,1.0,1.0,0.544,0.923,0.403,0.91
0,0.4,1.0,0.005,0.0,0.0,0.467,0.123,0.913
0,0.4,0.376,0.341,0.228,1.0,0.0,0.006,0.832
0,0.4,0.987,0.024,0.057,1.0,0.806,0.0,0.894
0,0.4,0.0,0.0,0.0,1.0,0.815,0.808,0.838
0,0.4,0.452,0.229,0.224,1.0,0.759,1.0,0.927
0,0.4,0.455,0.537,0.565,1.0,0.637,0.77,0.91
0,0.4,0.369,0.068,0.06,0.99,0.52,0.697,0.944
0,0.4,0.0,0.0,0.0,0.979,0.398,0.608,0.945
0,0.5,1.0,0.009,0.0,1.0,0.629,0.392,0.78
0,0.5,0.0,0.0,0.0,1.0,1.0,0.757,0.893
0,0.5,0.406,1.0,1.0,0.544,0.923,0.403,0.91
0,0.5,0.0,0.0,0.0,0.0,0.467,0.123,0.913
0,0.5,0.423,0.302,0.192,1.0,0.0,0.006,0.832
0,0.5,0.946,0.009,0.0,1.0,0.806,0.0,0.894
0,0.5,0.0,0.0,0.0,1.0,0.815,0.808,0.838
0,0.5,0.501,0.103,0.092,1.0,0.759,1.0,0.927
0,0.5,0.519,0.397,0.485,1.0,0.637,0.77,0.91
0,0.5,0.333,0.026,0.023,0.99,0.52,0.697,0.944
0,0.5,0.0,0.0,0.0,0.979,0.398,0.608,0.945
0,0.6,0.0,0.0,0.0,1.0,0.629,0.392,0.78
0,0.6,0.0,0.0,0.0,1.0,1.0,0.757,0.893
0,0.6,0.754,1.0,1.0,0.544,0.923,0.403,0.91
0,0.6,0.0,0.0,0.0,0.0,0.467,0.123,0.913
0,0.6,1.0,0.318,0.193,1.0,0.0,0.006,0.832
0,0.6,0.0,0.0,0.0,1.0,0.806,0.0,0.894
0,0.6,0.0,0.0,0.0,1.0,0.815,0.808,0.838
0,0.6,0.925,0.076,0.075,1.0,0.759,1.0,0.927
0,0.6,0.953,0.242,0.308,1.0,0.637,0.77,0.91
0,0.6,0.0,0.0,0.0,0.99,0.52,0.697,0.944
0,0.6,0.0,0.0,0.0,0.979,0.398,0.608,0.945
0,0.7,0.0,0.0,0.0,1.0,0.629,0.392,0.78
0,0.7,0.0,0.0,0.0,1.0,1.0,0.757,0.893
0,0.7,0.248,1.0,1.0,0.544,0.923,0.403,0.91
0,0.7,0.0,0.0,0.0,0.0,0.467,0.123,0.913
0,0.7,0.281,0.238,0.137,1.0,0.0,0.006,0.832
0,0.7,0.0,0.0,0.0,1.0,0.806,0.0,0.894
0,0.7,0.0,0.0,0.0,1.0,0.815,0.808,0.838
0,0.7,1.0,0.024,0.0,1.0,0.759,1.0,0.927
0,0.7,0.31,0.238,0.306,1.0,0.637,0.77,0.91
0,0.7,0.0,0.0,0.0,0.99,0.52,0.697,0.944
0,0.7,0.0,0.0,0.0,0.979,0.398,0.608,0.945
0,0.8,0.0,0.0,0.0,1.0,0.629,0.392,0.78
0,0.8,0.0,0.0,0.0,1.0,1.0,0.757,0.893
0,0.8,0.841,1.0,1.0,0.544,0.923,0.403,0.91
0,0.8,0.0,0.0,0.0,0.0,0.467,0.123,0.913
0,0.8,1.0,0.2,0.11,1.0,0.0,0.006,0.832
0,0.8,0.0,0.0,0.0,1.0,0.806,0.0,0.894
0,0.8,0.0,0.0,0.0,1.0,0.815,0.808,0.838
0,0.8,0.0,0.0,0.0,1.0,0.759,1.0,0.927
0,0.8,0.996,0.16,0.486,1.0,0.637,0.77,0.91
0,0.8,0.0,0.0,0.0,0.99,0.52,0.697,0.944
0,0.8,0.0,0.0,0.0,0.979,0.398,0.608,0.945
0,0.9,0.0,0.0,0.0,1.0,0.629,0.392,0.78
0,0.9,0.0,0.0,0.0,1.0,1.0,0.757,0.893
0,0.9,1.0,1.0,0.294,0.544,0.923,0.403,0.91
0,0.9,0.0,0.0,0.0,0.0,0.467,0.123,0.913
0,0.9,0.599,0.187,0.026,1.0,0.0,0.006,0.832
0,0.9,0.0,0.0,0.0,1.0,0.806,0.0,0.894
0,0.9,0.0,0.0,0.0,1.0,0.815,0.808,0.838
0,0.9,0.0,0.0,0.0,1.0,0.759,1.0,0.927
0,0.9,0.494,0.125,1.0,1.0,0.637,0.77,0.91
0,0.9,0.0,0.0,0.0,0.99,0.52,0.697,0.944
0,0.9,0.0,0.0,0.0,0.979,0.398,0.608,0.945
0,1,0.0,0.0,0.0,1.0,0.629,0.392,0.78
0,1,0.0,0.0,0.0,1.0,1.0,0.757,0.893
0,1,1.0,1.0,1.0,0.544,0.923,0.403,0.91
0,1,0.0,0.0,0.0,0.0,0.467,0.123,0.913
0,1,0.551,0.125,0.0,1.0,0.0,0.006,0.832
0,1,0.0,0.0,0.0,1.0,0.806,0.0,0.894
0,1,0.0,0.0,0.0,1.0,0.815,0.808,0.838
0,1,0.0,0.0,0.0,1.0,0.759,1.0,0.927
0,1,0.167,0.125,0.0,1.0,0.637,0.77,0.91
0,1,0.0,0.0,0.0,0.99,0.52,0.697,0.944
0,1,0.0,0.0,0.0,0.979,0.398,0.608,0.945
0,0,0.228,0.404,0.296,1.0,0.936,0.151,0.78
0,0,0.435,0.089,0.0,1.0,1.0,0.056,0.893
0,0,0.714,1.0,0.88,1.0,0.764,0.988,0.91
0,0,0.364,0.0,0.014,1.0,0.352,0.002,0.913
0,0,0.394,0.053,0.105,1.0,0.218,0.035,0.832
0,0,0.891,0.358,0.356,1.0,0.732,0.47,0.894
0,0,1.0,0.312,0.068,1.0,0.4,0.465,0.838
0,0,0.445,0.832,0.917,0.0,0.359,0.685,0.927
0,0,0.0,0.329,0.257,1.0,0.279,0.0,0.91
0,0,0.773,0.968,1.0,1.0,0.159,1.0,0.944
0,0,0.374,0.827,0.457,1.0,0.0,0.567,0.945
0,0.1,0.739,0.0,0.0,1.0,0.936,0.151,0.78
0,0.1,0.431,0.186,0.12,1.0,1.0,0.056,0.893
0,0.1,0.409,0.714,0.561,1.0,0.764,0.988,0.91
0,0.1,0.123,0.321,0.226,1.0,0.352,0.002,0.913
0,0.1,0.154,0.358,0.279,1.0,0.218,0.035,0.832
0,0.1,1.0,0.381,0.347,1.0,0.732,0.47,0.894
0,0.1,0.649,0.708,0.375,1.0,0.4,0.465,0.838
0,0.1,0.265,0.533,0.595,0.0,0.359,0.685,0.927
0,0.1,0.0,0.144,0.121,1.0,0.279,0.0,0.91
0,0.1,0.348,1.0,1.0,1.0,0.159,1.0,0.944
0,0.1,0.285,0.603,0.368,1.0,0.0,0.567,0.945
0,0.2,0.983,0.0,0.0,1.0,0.936,0.151,0.78
0,0.2,0.854,0.031,0.032,1.0,1.0,0.056,0.893
0,0.2,0.222,0.62,0.45,1.0,0.764,0.988,0.91
0,0.2,0.0,0.56,0.399,1.0,0.352,0.002,0.913
0,0.2,0.047,0.66,0.476,1.0,0.218,0.035,0.832
0,0.2,1.0,0.423,0.353,1.0,0.732,0.47,0.894
0,0.2,0.902,0.742,0.426,1.0,0.4,0.465,0.838
0,0.2,0.107,0.273,0.305,0.0,0.359,0.685,0.927
0,0.2,0.088,0.093,0.07,1.0,0.279,0.0,0.91
0,0.2,0.22,1.0,1.0,1.0,0.159,1.0,0.944
0,0.2,0.463,0.711,0.415,1.0,0.0,0.567,0.945
0,0.3,0.621,0.0,0.003,1.0,0.936,0.151,0.78
0,0.3,0.843,0.0,0.0,1.0,1.0,0.056,0.893
0,0.3,0.178,0.536,0.557,1.0,0.764,0.988,0.91
0,0.3,0.159,0.728,0.774,1.0,0.352,0.002,0.913
0,0.3,0.089,1.0,0.979,1.0,0.218,0.035,0.832
0,0.3,0.441,0.504,0.543,1.0,0.732,0.47,0.894
0,0.3,1.0,0.348,0.304,1.0,0.4,0.465,0.838
0,0.3,0.0,0.138,0.209,0.0,0.359,0.685,0.927
0,0.3,0.127,0.138,0.135,1.0,0.279,0.0,0.91
0,0.3,0.131,0.759,1.0,1.0,0.159,1.0,0.944
0,0.3,0.443,0.741,0.632,1.0,0.0,0.567,0.945
0,0.4,0.909,0.03,0.039,1.0,0.936,0.151,0.78
0,0.4,0.0,0.0,0.0,1.0,1.0,0.056,0.893
0,0.4,0.6,0.364,0.408,1.0,0.764,0.988,0.91
0,0.4,0.519,0.505,0.623,1.0,0.352,0.002,0.913
0,0.4,0.503,1.0,1.0,1.0,0.218,0.035,0.832
0,0.4,0.567,0.434,0.474,1.0,0.732,0.47,0.894
0,0.4,1.0,0.131,0.115,1.0,0.4,0.465,0.838
0,0.4,0.356,0.051,0.063,0.0,0.359,0.685,0.927
0,0.4,0.673,0.061,0.048,1.0,0.279,0.0,0.91
0,0.4,0.48,0.364,0.458,1.0,0.159,1.0,0.944
0,0.4,0.666,0.465,0.46,1.0,0.0,0.567,0.945
0,0.5,1.0,0.023,0.0,1.0,0.936,0.151,0.78
0,0.5,0.0,0.0,0.0,1.0,1.0,0.056,0.893
0,0.5,0.296,0.205,0.211,1.0,0.764,0.988,0.91
0,0.5,0.297,0.25,0.268,1.0,0.352,0.002,0.913
0,0.5,0.258,1.0,1.0,1.0,0.218,0.035,0.832
0,0.5,0.239,0.318,0.36,1.0,0.732,0.47,0.894
0,0.5,1.0,0.023,0.0,1.0,0.4,0.465,0.838
0,0.5,0.0,0.0,0.0,0.0,0.359,0.685,0.927
0,0.5,0.072,0.023,0.0,1.0,0.279,0.0,0.91
0,0.5,0.326,0.159,0.206,1.0,0.159,1.0,0.944
0,0.5,0.433,0.273,0.28,1.0,0.0,0.567,0.945
0,0.6,0.0,0.0,0.0,1.0,0.936,0.151,0.78
0,0.6,0.0,0.0,0.0,1.0,1.0,0.056,0.893
0,0.6,0.0,0.0,0.0,1.0,0.764,0.988,0.91
0,0.6,0.0,0.0,0.0,1.0,0.352,0.002,0.913
0,0.6,0.466,1.0,1.0,1.0,0.218,0.035,0.832
0,0.6,0.1,0.167,0.777,1.0,0.732,0.47,0.894
0,0.6,0.0,0.0,0.0,1.0,0.4,0.465,0.838
0,0.6,0.0,0.0,0.0,0.0,0.359,0.685,0.927
0,0.6,0.119,0.083,0.0,1.0,0.279,0.0,0.91
0,0.6,0.659,0.083,0.0,1.0,0.159,1.0,0.944
0,0.6,1.0,0.25,0.364,1.0,0.0,0.567,0.945
0,0.7,0.0,0.0,0.0,1.0,0.936,0.151,0.78
0,0.7,0.0,0.0,0.0,1.0,1.0,0.056,0.893
0,0.7,0.0,0.0,0.0,1.0,0.764,0.988,0.91
0,0.7,0.0,0.0,0.0,1.0,0.352,0.002,0.913
0,0.7,1.0,1.0,1.0,1.0,0.218,0.035,0.832
0,0.7,0.0,0.0,0.0,1.0,0.732,0.47,0.894
0,0.7,0.0,0.0,0.0,1.0,0.4,0.465,0.838
0,0.7,0.0,0.0,0.0,0.0,0.359,0.685,0.927
0,0.7,0.0,0.0,0.0,1.0,0.279,0.0,0.91
0,0.7,0.0,0.0,0.0,1.0,0.159,1.0,0.944
0,0.7,0.0,0.0,0.0,1.0,0.0,0.567,0.945
0,0.8,0.0,0.0,0.0,1.0,0.936,0.151,0.78
0,0.8,0.0,0.0,0.0,1.0,1.0,0.056,0.893
0,0.8,0.0,0.0,0.0,1.0,0.764,0.988,0.91
0,0.8,0.0,0.0,0.0,1.0,0.352,0.002,0.913
0,0.8,1.0,1.0,1.0,1.0,0.218,0.035,0.832
0,0.8,0.0,0.0,0.0,1.0,0.732,0.47,0.894
0,0.8,0.0,0.0,0.0,1.0,0.4,0.465,0.838
0,0.8,0.0,0.0,0.0,0.0,0.359,0.685,0.927
0,0.8,0.0,0.0,0.0,1.0,0.279,0.0,0.91
0,0.8,0.0,0.0,0.0,1.0,0.159,1.0,0.944
0,0.8,0.0,0.0,0.0,1.0,0.0,0.567,0.945
0,0.9,0.0,0.0,0.0,1.0,0.936,0.151,0.78
0,0.9,0.0,0.0,0.0,1.0,1.0,0.056,0.893
0,0.9,0.0,0.0,0.0,1.0,0.764,0.988,0.91
0,0.9,0.0,0.0,0.0,1.0,0.352,0.002,0.913
0,0.9,0.0,0.0,0.0,1.0,0.218,0.035,0.832
0,0.9,0.0,0.0,0.0,1.0,0.732,0.47,0.894
0,0.9,0.0,0.0,0.0,1.0,0.4,0.465,0.838
0,0.9,0.0,0.0,0.0,0.0,0.359,0.685,0.927
0,0.9,0.0,0.0,0.0,1.0,0.279,0.0,0.91
0,0.9,0.0,0.0,0.0,1.0,0.159,1.0,0.944
0,0.9,0.0,0.0,0.0,1.0,0.0,0.567,0.945
0,1,0.0,0.0,0.0,1.0,0.936,0.151,0.78
0,1,0.0,0.0,0.0,1.0,1.0,0.056,0.893
0,1,0.0,0.0,0.0,1.0,0.764,0.988,0.91
0,1,0.0,0.0,0.0,1.0,0.352,0.002,0.913
0,1,0.0,0.0,0.0,1.0,0.218,0.035,0.832
0,1,0.0,0.0,0.0,1.0,0.732,0.47,0.894
0,1,0.0,0.0,0.0,1.0,0.4,0.465,0.838
0,1,0.0,0.0,0.0,0.0,0.359,0.685,0.927
0,1,0.0,0.0,0.0,1.0,0.279,0.0,0.91
0,1,0.0,0.0,0.0,1.0,0.159,1.0,0.944
0,1,0.0,0.0,0.0,1.0,0.0,0.567,0.945
0,0,0.039,0.939,0.782,0.0,0.343,0.317,0.78
0,0,0.888,0.345,0.16,0.0,0.878,0.64,0.893
0,0,0.021,0.91,1.0,0.0,0.702,0.479,0.91
0,0,0.11,0.0,0.0,0.0,0.312,0.0,0.913
0,0,0.127,0.341,0.359,0.0,0.0,0.17,0.832
0,0,0.325,0.341,0.353,0.0,1.0,0.372,0.894
0,0,1.0,0.671,0.393,0.0,0.525,1.0,0.838
0,0,0.057,0.745,0.943,0.0,0.509,0.396,0.927
0,0,0.0,0.311,0.263,0.0,0.382,0.024,0.91
0,0,0.04,0.722,0.904,0.0,0.306,0.286,0.944
0,0,0.115,1.0,0.742,0.0,0.173,0.445,0.945
0,0.1,0.964,0.0,0.0,0.0,0.343,0.317,0.78
0,0.1,1.0,0.537,0.545,0.0,0.878,0.64,0.893
0,0.1,0.0,0.131,0.262,0.0,0.702,0.479,0.91
0,0.1,0.177,0.125,0.201,0.0,0.312,0.0,0.913
0,0.1,0.29,0.255,0.38,0.0,0.0,0.17,0.832
0,0.1,0.509,0.268,0.399,0.0,1.0,0.372,0.894
0,0.1,0.894,1.0,1.0,0.0,0.525,1.0,0.838
0,0.1,0.102,0.285,0.562,0.0,0.509,0.396,0.927
0,0.1,0.24,0.074,0.129,0.0,0.382,0.024,0.91
0,0.1,0.069,0.324,0.601,0.0,0.306,0.286,0.944
0,0.1,0.641,0.268,0.283,0.0,0.173,0.445,0.945
0,0.2,0.745,0.039,0.0,0.0,0.343,0.317,0.78
0,0.2,0.983,0.991,0.939,0.0,0.878,0.64,0.893
0,0.2,0.0,0.0,0.029,0.0,0.702,0.479,0.91
0,0.2,0.321,0.42,0.486,0.0,0.312,0.0,0.913
0,0.2,0.425,0.532,0.631,0.0,0.0,0.17,0.832
0,0.2,0.407,0.775,0.937,0.0,1.0,0.372,0.894
0,0.2,0.956,1.0,1.0,0.0,0.525,1.0,0.838
0,0.2,0.171,0.121,0.235,0.0,0.509,0.396,0.927
0,0.2,0.574,0.074,0.061,0.0,0.382,0.024,0.91
0,0.2,0.223,0.117,0.187,0.0,0.306,0.286,0.944
0,0.2,1.0,0.186,0.141,0.0,0.173,0.445,0.945
0,0.3,0.451,0.035,0.031,0.0,0.343,0.317,0.78
0,0.3,0.729,0.842,0.693,0.0,0.878,0.64,0.893
0,0.3,0.0,0.018,0.035,0.0,0.702,0.479,0.91
0,0.3,0.382,0.474,0.439,0.0,0.312,0.0,0.913
0,0.3,0.256,0.579,0.517,0.0,0.0,0.17,0.832
0,0.3,0.263,1.0,1.0,0.0,1.0,0.372,0.894
0,0.3,0.594,0.386,0.393,0.0,0.525,1.0,0.838
0,0.3,0.135,0.053,0.062,0.0,0.509,0.396,0.927
0,0.3,0.508,0.0,0.0,0.0,0.382,0.024,0.91
0,0.3,0.338,0.018,0.025,0.0,0.306,0.286,0.944
0,0.3,1.0,0.123,0.112,0.0,0.173,0.445,0.945
0,0.4,0.0,0.0,0.0,0.0,0.343,0.317,0.78
0,0.4,0.62,0.4,0.318,0.0,0.878,0.64,0.893
0,0.4,0.0,0.0,0.0,0.0,0.702,0.479,0.91
0,0.4,0.492,0.55,0.487,0.0,0.312,0.0,0.913
0,0.4,0.32,0.35,0.329,0.0,0.0,0.17,0.832
0,0.4,0.255,1.0,1.0,0.0,1.0,0.372,0.894
0,0.4,0.419,0.05,0.0,0.0,0.525,1.0,0.838
0,0.4,0.259,0.05,0.0,0.0,0.509,0.396,0.927
0,0.4,0.783,0.1,0.066,0.0,0.382,0.024,0.91
0,0.4,0.0,0.0,0.0,0.0,0.306,0.286,0.944
0,0.4,1.0,0.1,0.091,0.0,0.173,0.445,0.945
0,0.5,0.0,0.0,0.0,0.0,0.343,0.317,0.78
0,0.5,0.0,0.0,0.0,0.0,0.878,0.64,0.893
0,0.5,0.0,0.0,0.0,0.0,0.702,0.479,0.91
0,0.5,1.0,0.4,1.0,0.0,0.312,0.0,0.913
0,0.5,0.0,0.0,0.0,0.0,0.0,0.17,0.832
0,0.5,0.596,1.0,0.083,0.0,1.0,0.372,0.894
0,0.5,0.0,0.0,0.0,0.0,0.525,1.0,0.838
0,0.5,0.0,0.0,0.0,0.0,0.509,0.396,0.927
0,0.5,0.0,0.0,0.0,0.0,0.382,0.024,0.91
0,0.5,0.0,0.0,0.0,0.0,0.306,0.286,0.944
0,0.5,0.0,0.0,0.0,0.0,0.173,0.445,0.945
0,0.6,0.0,0.0,0.0,0.0,0.343,0.317,0.78
0,0.6,0.0,0.0,0.0,0.0,0.878,0.64,0.893
0,0.6,0.0,0.0,0.0,0.0,0.702,0.479,0.91
0,0.6,1.0,1.0,0.0,0.0,0.312,0.0,0.913
0,0.6,0.0,0.0,0.0,0.0,0.0,0.17,0.832
0,0.6,0.904,1.0,0.0,0.0,1.0,0.372,0.894
0,0.6,0.0,0.0,0.0,0.0,0.525,1.0,0.838
0,0.6,0.0,0.0,0.0,0.0,0.509,0.396,0.927
0,0.6,0.0,0.0,0.0,0.0,0.382,0.024,0.91
0,0.6,0.0,0.0,0.0,0.0,0.306,0.286,0.944
0,0.6,0.0,0.0,0.0,0.0,0.173,0.445,0.945
0,0.7,0.0,0.0,0.0,0.0,0.343,0.317,0.78
0,0.7,0.0,0.0,0.0,0.0,0.878,0.64,0.893
0,0.7,0.0,0.0,0.0,0.0,0.702,0.479,0.91
0,0.7,1.0,1.0,0.0,0.0,0.312,0.0,0.913
0,0.7,0.0,0.0,0.0,0.0,0.0,0.17,0.832
0,0.7,0.0,0.0,0.0,0.0,1.0,0.372,0.894
0,0.7,0.0,0.0,0.0,0.0,0.525,1.0,0.838
0,0.7,0.0,0.0,0.0,0.0,0.509,0.396,0.927
0,0.7,0.0,0.0,0.0,0.0,0.382,0.024,0.91
0,0.7,0.0,0.0,0.0,0.0,0.306,0.286,0.944
0,0.7,0.0,0.0,0.0,0.0,0.173,0.445,0.945
0,0.8,0.0,0.0,0.0,0.0,0.343,0.317,0.78
0,0.8,0.0,0.0,0.0,0.0,0.878,0.64,0.893
0,0.8,0.0,0.0,0.0,0.0,0.702,0.479,0.91
0,0.8,1.0,1.0,0.0,0.0,0.312,0.0,0.913
0,0.8,0.0,0.0,0.0,0.0,0.0,0.17,0.832
0,0.8,0.0,0.0,0.0,0.0,1.0,0.372,0.894
0,0.8,0.0,0.0,0.0,0.0,0.525,1.0,0.838
0,0.8,0.0,0.0,0.0,0.0,0.509,0.396,0.927
0,0.8,0.0,0.0,0.0,0.0,0.382,0.024,0.91
0,0.8,0.0,0.0,0.0,0.0,0.306,0.286,0.944
0,0.8,0.0,0.0,0.0,0.0,0.173,0.445,0.945
0,0.9,0.0,0.0,0.0,0.0,0.343,0.317,0.78
0,0.9,0.0,0.0,0.0,0.0,0.878,0.64,0.893
0,0.9,0.0,0.0,0.0,0.0,0.702,0.479,0.91
0,0.9,0.0,0.0,0.0,0.0,0.312,0.0,0.913
0,0.9,0.0,0.0,0.0,0.0,0.0,0.17,0.832
0,0.9,0.0,0.0,0.0,0.0,1.0,0.372,0.894
0,0.9,0.0,0.0,0.0,0.0,0.525,1.0,0.838
0,0.9,0.0,0.0,0.0,0.0,0.509,0.396,0.927
0,0.9,0.0,0.0,0.0,0.0,0.382,0.024,0.91
0,0.9,0.0,0.0,0.0,0.0,0.306,0.286,0.944
0,0.9,0.0,0.0,0.0,0.0,0.173,0.445,0.945
0,1,0.0,0.0,0.0,0.0,0.343,0.317,0.78
0,1,0.0,0.0,0.0,0.0,0.878,0.64,0.893
0,1,0.0,0.0,0.0,0.0,0.702,0.479,0.91
0,1,0.0,0.0,0.0,0.0,0.312,0.0,0.913
0,1,0.0,0.0,0.0,0.0,0.0,0.17,0.832
0,1,0.0,0.0,0.0,0.0,1.0,0.372,0.894
0,1,0.0,0.0,0.0,0.0,0.525,1.0,0.838
0,1,0.0,0.0,0.0,0.0,0.509,0.396,0.927
0,1,0.0,0.0,0.0,0.0,0.382,0.024,0.91
0,1,0.0,0.0,0.0,0.0,0.306,0.286,0.944
0,1,0.0,0.0,0.0,0.0,0.173,0.445,0.945
0,0,0.196,0.795,0.623,0.0,0.0,0.311,0.78
0,0,0.793,0.906,0.732,1.0,0.375,0.99,0.893
0,0,0.369,0.179,0.343,1.0,0.494,0.241,0.91
0,0,0.504,0.0,0.0,1.0,0.152,0.068,0.913
0,0,0.055,0.309,0.406,0.955,0.031,0.0,0.832
0,0,0.345,0.184,0.19,1.0,1.0,0.165,0.894
0,0,1.0,0.761,0.524,1.0,0.473,1.0,0.838
0,0,0.338,0.501,0.838,1.0,0.539,0.434,0.927
0,0,0.268,0.35,0.32,1.0,0.478,0.213,0.91
0,0,0.0,0.655,1.0,1.0,0.383,0.206,0.944
0,0,0.08,1.0,0.779,1.0,0.264,0.373,0.945
0,0.1,0.72,0.304,0.23,0.0,0.0,0.311,0.78
0,0.1,0.954,0.827,0.875,1.0,0.375,0.99,0.893
0,0.1,0.349,0.37,0.493,1.0,0.494,0.241,0.91
0,0.1,0.602,0.354,0.384,1.0,0.152,0.068,0.913
0,0.1,0.15,0.21,0.248,0.955,0.031,0.0,0.832
0,0.1,0.562,0.215,0.212,1.0,1.0,0.165,0.894
0,0.1,1.0,1.0,1.0,1.0,0.473,1.0,0.838
0,0.1,0.441,0.332,0.516,1.0,0.539,0.434,0.927
0,0.1,0.543,0.266,0.256,1.0,0.478,0.213,0.91
0,0.1,0.0,0.0,0.0,1.0,0.383,0.206,0.944
0,0.1,0.57,0.234,0.154,1.0,0.264,0.373,0.945
0,0.2,0.766,0.407,0.387,0.0,0.0,0.311,0.78
0,0.2,0.907,0.853,0.867,1.0,0.375,0.99,0.893
0,0.2,0.344,0.585,0.742,1.0,0.494,0.241,0.91
0,0.2,0.557,0.853,0.985,1.0,0.152,0.068,0.913
0,0.2,0.306,0.296,0.358,0.955,0.031,0.0,0.832
0,0.2,0.591,0.384,0.433,1.0,1.0,0.165,0.894
0,0.2,1.0,1.0,1.0,1.0,0.473,1.0,0.838
0,0.2,0.412,0.356,0.526,1.0,0.539,0.434,0.927
0,0.2,0.603,0.401,0.445,1.0,0.478,0.213,0.91
0,0.2,0.0,0.0,0.0,1.0,0.383,0.206,0.944
0,0.2,0.837,0.161,0.143,1.0,0.264,0.373,0.945
0,0.3,0.807,0.235,0.195,0.0,0.0,0.311,0.78
0,0.3,0.778,0.299,0.264,1.0,0.375,0.99,0.893
0,0.3,0.358,0.542,0.623,1.0,0.494,0.241,0.91
0,0.3,0.574,1.0,1.0,1.0,0.152,0.068,0.913
0,0.3,0.441,0.183,0.198,0.955,0.031,0.0,0.832
0,0.3,0.601,0.287,0.286,1.0,1.0,0.165,0.894
0,0.3,1.0,0.375,0.345,1.0,0.473,1.0,0.838
0,0.3,0.331,0.195,0.292,1.0,0.539,0.434,0.927
0,0.3,0.632,0.339,0.33,1.0,0.478,0.213,0.91
0,0.3,0.0,0.0,0.0,1.0,0.383,0.206,0.944
0,0.3,0.983,0.048,0.04,1.0,0.264,0.373,0.945
0,0.4,0.533,0.096,0.088,0.0,0.0,0.311,0.78
0,0.4,0.293,0.07,0.112,1.0,0.375,0.99,0.893
0,0.4,0.292,0.518,0.614,1.0,0.494,0.241,0.91
0,0.4,0.461,1.0,1.0,1.0,0.152,0.068,0.913
0,0.4,0.3,0.07,0.134,0.955,0.031,0.0,0.832
0,0.4,0.436,0.158,0.164,1.0,1.0,0.165,0.894
0,0.4,1.0,0.044,0.041,1.0,0.473,1.0,0.838
0,0.4,0.204,0.149,0.231,1.0,0.539,0.434,0.927
0,0.4,0.515,0.298,0.294,1.0,0.478,0.213,0.91
0,0.4,0.0,0.0,0.0,1.0,0.383,0.206,0.944
0,0.4,0.841,0.018,0.022,1.0,0.264,0.373,0.945
0,0.5,0.452,0.023,0.0,0.0,0.0,0.311,0.78
0,0.5,0.15,0.023,0.0,1.0,0.375,0.99,0.893
0,0.5,0.645,0.568,0.603,1.0,0.494,0.241,0.91
0,0.5,1.0,1.0,1.0,1.0,0.152,0.068,0.913
0,0.5,0.515,0.045,0.552,0.955,0.031,0.0,0.832
0,0.5,0.859,0.091,0.142,1.0,1.0,0.165,0.894
0,0.5,0.0,0.0,0.0,1.0,0.473,1.0,0.838
0,0.5,0.14,0.023,0.0,1.0,0.539,0.434,0.927
0,0.5,0.99,0.25,0.23,1.0,0.478,0.213,0.91
0,0.5,0.0,0.0,0.0,1.0,0.383,0.206,0.944
0,0.5,0.0,0.0,0.0,1.0,0.264,0.373,0.945
0,0.6,0.0,0.0,0.0,0.0,0.0,0.311,0.78
0,0.6,0.0,0.0,0.0,1.0,0.375,0.99,0.893
0,0.6,0.175,0.437,0.743,1.0,0.494,0.241,0.91
0,0.6,0.557,1.0,1.0,1.0,0.152,0.068,0.913
0,0.6,0.0,0.0,0.0,0.955,0.031,0.0,0.832
0,0.6,0.0,0.0,0.0,1.0,1.0,0.165,0.894
0,0.6,0.0,0.0,0.0,1.0,0.473,1.0,0.838
0,0.6,0.0,0.0,0.0,1.0,0.539,0.434,0.927
0,0.6,1.0,0.25,0.208,1.0,0.478,0.213,0.91
0,0.6,0.0,0.0,0.0,1.0,0.383,0.206,0.944
0,0.6,0.0,0.0,0.0,1.0,0.264,0.373,0.945
0,0.7,0.0,0.0,0.0,0.0,0.0,0.311,0.78
0,0.7,0.0,0.0,0.0,1.0,0.375,0.99,0.893
0,0.7,0.158,1.0,1.0,1.0,0.494,0.241,0.91
0,0.7,0.565,0.667,0.35,1.0,0.152,0.068,0.913
0,0.7,0.0,0.0,0.0,0.955,0.031,0.0,0.832
0,0.7,0.0,0.0,0.0,1.0,1.0,0.165,0.894
0,0.7,0.0,0.0,0.0,1.0,0.473,1.0,0.838
0,0.7,0.0,0.0,0.0,1.0,0.539,0.434,0.927
0,0.7,1.0,0.167,0.0,1.0,0.478,0.213,0.91
0,0.7,0.0,0.0,0.0,1.0,0.383,0.206,0.944
0,0.7,0.0,0.0,0.0,1.0,0.264,0.373,0.945
0,0.8,0.0,0.0,0.0,0.0,0.0,0.311,0.78
0,0.8,0.0,0.0,0.0,1.0,0.375,0.99,0.893
0,0.8,0.0,0.0,0.0,1.0,0.494,0.241,0.91
0,0.8,0.632,1.0,1.0,1.0,0.152,0.068,0.913
0,0.8,0.0,0.0,0.0,0.955,0.031,0.0,0.832
0,0.8,0.0,0.0,0.0,1.0,1.0,0.165,0.894
0,0.8,0.0,0.0,0.0,1.0,0.473,1.0,0.838
0,0.8,0.0,0.0,0.0,1.0,0.539,0.434,0.927
0,0.8,1.0,0.5,0.0,1.0,0.478,0.213,0.91
0,0.8,0.0,0.0,0.0,1.0,0.383,0.206,0.944
0,0.8,0.0,0.0,0.0,1.0,0.264,0.373,0.945
0,0.9,0.0,0.0,0.0,0.0,0.0,0.311,0.78
0,0.9,0.0,0.0,0.0,1.0,0.375,0.99,0.893
0,0.9,0.0,0.0,0.0,1.0,0.494,0.241,0.91
0,0.9,0.0,0.0,0.0,1.0,0.152,0.068,0.913
0,0.9,0.0,0.0,0.0,0.955,0.031,0.0,0.832
0,0.9,0.0,0.0,0.0,1.0,1.0,0.165,0.894
0,0.9,0.0,0.0,0.0,1.0,0.473,1.0,0.838
0,0.9,0.0,0.0,0.0,1.0,0.539,0.434,0.927
0,0.9,0.0,0.0,0.0,1.0,0.478,0.213,0.91
0,0.9,0.0,0.0,0.0,1.0,0.383,0.206,0.944
0,0.9,0.0,0.0,0.0,1.0,0.264,0.373,0.945
0,1,0.0,0.0,0.0,0.0,0.0,0.311,0.78
0,1,0.0,0.0,0.0,1.0,0.375,0.99,0.893
0,1,0.0,0.0,0.0,1.0,0.494,0.241,0.91
0,1,0.0,0.0,0.0,1.0,0.152,0.068,0.913
0,1,0.0,0.0,0.0,0.955,0.031,0.0,0.832
0,1,0.0,0.0,0.0,1.0,1.0,0.165,0.894
0,1,0.0,0.0,0.0,1.0,0.473,1.0,0.838
0,1,0.0,0.0,0.0,1.0,0.539,0.434,0.927
0,1,0.0,0.0,0.0,1.0,0.478,0.213,0.91
0,1,0.0,0.0,0.0,1.0,0.383,0.206,0.944
0,1,0.0,0.0,0.0,1.0,0.264,0.373,0.945
0,0,0.22,0.594,0.315,1.0,0.755,0.386,0.78
0,0,0.622,0.22,0.0,1.0,1.0,0.458,0.893
0,0,0.376,1.0,0.959,1.0,0.777,0.97,0.91
0,0,0.066,0.159,0.079,1.0,0.313,0.122,0.913
0,0,0.0,0.0,0.014,1.0,0.0,0.0,0.832
0,0,0.103,0.459,0.365,1.0,0.488,0.31,0.894
0,0,1.0,0.322,0.022,0.0,0.658,0.726,0.838
0,0,0.442,0.967,1.0,0.208,0.594,1.0,0.927
0,0,0.275,0.611,0.435,0.439,0.45,0.564,0.91
0,0,0.242,0.927,0.967,0.552,0.351,0.785,0.944
0,0,0.505,0.734,0.365,0.887,0.219,0.7,0.945
0,0.1,0.811,0.0,0.0,1.0,0.755,0.386,0.78
0,0.1,0.969,0.273,0.178,1.0,1.0,0.458,0.893
0,0.1,0.316,0.966,0.886,1.0,0.777,0.97,0.91
0,0.1,0.096,0.141,0.141,1.0,0.313,0.122,0.913
0,0.1,0.0,0.038,0.074,1.0,0.0,0.0,0.832
0,0.1,0.162,0.259,0.265,1.0,0.488,0.31,0.894
0,0.1,1.0,0.82,0.449,0.0,0.658,0.726,0.838
0,0.1,0.412,1.0,1.0,0.208,0.594,1.0,0.927
0,0.1,0.425,0.423,0.353,0.439,0.45,0.564,0.91
0,0.1,0.15,0.921,0.891,0.552,0.351,0.785,0.944
0,0.1,0.719,0.721,0.429,0.887,0.219,0.7,0.945
0,0.2,0.953,0.0,0.0,1.0,0.755,0.386,0.78
0,0.2,0.9,0.253,0.183,1.0,1.0,0.458,0.893
0,0.2,0.239,0.878,0.831,1.0,0.777,0.97,0.91
0,0.2,0.155,0.238,0.218,1.0,0.313,0.122,0.913
0,0.2,0.0,0.201,0.163,1.0,0.0,0.0,0.832
0,0.2,0.29,0.192,0.18,1.0,0.488,0.31,0.894
0,0.2,1.0,0.941,0.642,0.0,0.658,0.726,0.838
0,0.2,0.339,0.921,1.0,0.208,0.594,1.0,0.927
0,0.2,0.526,0.455,0.384,0.439,0.45,0.564,0.91
0,0.2,0.143,0.674,0.701,0.552,0.351,0.785,0.944
0,0.2,0.766,1.0,0.67,0.887,0.219,0.7,0.945
0,0.3,0.573,0.0,0.0,1.0,0.755,0.386,0.78
0,0.3,0.567,0.135,0.106,1.0,1.0,0.458,0.893
0,0.3,0.172,0.692,0.761,1.0,0.777,0.97,0.91
0,0.3,0.177,0.212,0.256,1.0,0.313,0.122,0.913
0,0.3,0.0,0.293,0.255,1.0,0.0,0.0,0.832
0,0.3,0.247,0.173,0.178,1.0,0.488,0.31,0.894
0,0.3,1.0,0.375,0.315,0.0,0.658,0.726,0.838
0,0.3,0.274,0.716,1.0,0.208,0.594,1.0,0.927
0,0.3,0.569,0.351,0.336,0.439,0.45,0.564,0.91
0,0.3,0.048,0.505,0.638,0.552,0.351,0.785,0.944
0,0.3,0.766,1.0,0.84,0.887,0.219,0.7,0.945
0,0.4,0.0,0.0,0.0,1.0,0.755,0.386,0.78
0,0.4,0.408,0.024,0.013,1.0,1.0,0.458,0.893
0,0.4,0.477,0.576,0.726,1.0,0.777,0.97,0.91
0,0.4,0.342,0.129,0.208,1.0,0.313,0.122,0.913
0,0.4,0.306,0.365,0.357,1.0,0.0,0.0,0.832
0,0.4,0.412,0.094,0.144,1.0,0.488,0.31,0.894
0,0.4,1.0,0.071,0.066,0.0,0.658,0.726,0.838
0,0.4,0.473,0.518,0.962,0.208,0.594,1.0,0.927
0,0.4,0.565,0.318,0.389,0.439,0.45,0.564,0.91
0,0.4,0.376,0.318,0.63,0.552,0.351,0.785,0.944
0,0.4,0.764,1.0,1.0,0.887,0.219,0.7,0.945
0,0.5,0.0,0.0,0.0,1.0,0.755,0.386,0.78
0,0.5,0.0,0.0,0.0,1.0,1.0,0.458,0.893
0,0.5,0.51,0.391,0.274,1.0,0.777,0.97,0.91
0,0.5,0.592,0.043,0.0,1.0,0.313,0.122,0.913
0,0.5,0.436,0.391,0.235,1.0,0.0,0.0,0.832
0,0.5,0.266,0.043,0.0,1.0,0.488,0.31,0.894
0,0.5,0.0,0.0,0.0,0.0,0.658,0.726,0.838
0,0.5,0.66,0.478,1.0,0.208,0.594,1.0,0.927
0,0.5,0.576,0.217,0.209,0.439,0.45,0.564,0.91
0,0.5,0.448,0.304,0.528,0.552,0.351,0.785,0.944
0,0.5,1.0,1.0,0.688,0.887,0.219,0.7,0.945
0,0.6,0.0,0.0,0.0,1.0,0.755,0.386,0.78
0,0.6,0.0,0.0,0.0,1.0,1.0,0.458,0.893
0,0.6,0.0,0.0,0.0,1.0,0.777,0.97,0.91
0,0.6,0.0,0.0,0.0,1.0,0.313,0.122,0.913
0,0.6,0.003,0.143,0.0,1.0,0.0,0.0,0.832
0,0.6,0.0,0.0,0.0,1.0,0.488,0.31,0.894
0,0.6,0.0,0.0,0.0,0.0,0.658,0.726,0.838
0,0.6,0.828,0.286,1.0,0.208,0.594,1.0,0.927
0,0.6,0.566,0.286,0.088,0.439,0.45,0.564,0.91
0,0.6,0.176,0.143,0.0,0.552,0.351,0.785,0.944
0,0.6,1.0,1.0,0.115,0.887,0.219,0.7,0.945
0,0.7,0.0,0.0,0.0,1.0,0.755,0.386,0.78
0,0.7,0.0,0.0,0.0,1.0,1.0,0.458,0.893
0,0.7,0.0,0.0,0.0,1.0,0.777,0.97,0.91
0,0.7,0.0,0.0,0.0,1.0,0.313,0.122,0.913
0,0.7,0.0,0.0,0.0,1.0,0.0,0.0,0.832
0,0.7,0.0,0.0,0.0,1.0,0.488,0.31,0.894
0,0.7,0.0,0.0,0.0,0.0,0.658,0.726,0.838
0,0.7,0.32,1.0,0.0,0.208,0.594,1.0,0.927
0,0.7,1.0,1.0,0.0,0.439,0.45,0.564,0.91
0,0.7,0.0,0.0,0.0,0.552,0.351,0.785,0.944
0,0.7,0.0,0.0,0.0,0.887,0.219,0.7,0.945
0,0.8,0.0,0.0,0.0,1.0,0.755,0.386,0.78
0,0.8,0.0,0.0,0.0,1.0,1.0,0.458,0.893
0,0.8,0.0,0.0,0.0,1.0,0.777,0.97,0.91
0,0.8,0.0,0.0,0.0,1.0,0.313,0.122,0.913
0,0.8,0.0,0.0,0.0,1.0,0.0,0.0,0.832
0,0.8,0.0,0.0,0.0,1.0,0.488,0.31,0.894
0,0.8,0.0,0.0,0.0,0.0,0.658,0.726,0.838
0,0.8,0.0,0.0,0.0,0.208,0.594,1.0,0.927
0,0.8,1.0,1.0,0.0,0.439,0.45,0.564,0.91
0,0.8,0.0,0.0,0.0,0.552,0.351,0.785,0.944
0,0.8,0.0,0.0,0.0,0.887,0.219,0.7,0.945
0,0.9,0.0,0.0,0.0,1.0,0.755,0.386,0.78
0,0.9,0.0,0.0,0.0,1.0,1.0,0.458,0.893
0,0.9,0.0,0.0,0.0,1.0,0.777,0.97,0.91
0,0.9,0.0,0.0,0.0,1.0,0.313,0.122,0.913
0,0.9,0.0,0.0,0.0,1.0,0.0,0.0,0.832
0,0.9,0.0,0.0,0.0,1.0,0.488,0.31,0.894
0,0.9,0.0,0.0,0.0,0.0,0.658,0.726,0.838
0,0.9,0.0,0.0,0.0,0.208,0.594,1.0,0.927
0,0.9,1.0,1.0,0.0,0.439,0.45,0.564,0.91
0,0.9,0.0,0.0,0.0,0.552,0.351,0.785,0.944
0,0.9,0.0,0.0,0.0,0.887,0.219,0.7,0.945
0,1,0.0,0.0,0.0,1.0,0.755,0.386,0.78
0,1,0.0,0.0,0.0,1.0,1.0,0.458,0.893
0,1,0.0,0.0,0.0,1.0,0.777,0.97,0.91
0,1,0.0,0.0,0.0,1.0,0.313,0.122,0.913
0,1,0.0,0.0,0.0,1.0,0.0,0.0,0.832
0,1,0.0,0.0,0.0,1.0,0.488,0.31,0.894
0,1,0.0,0.0,0.0,0.0,0.658,0.726,0.838
0,1,0.0,0.0,0.0,0.208,0.594,1.0,0.927
0,1,1.0,1.0,0.0,0.439,0.45,0.564,0.91
0,1,0.0,0.0,0.0,0.552,0.351,0.785,0.944
0,1,0.0,0.0,0.0,0.887,0.219,0.7,0.945
0,0,0.409,0.643,0.671,0.0,0.31,0.514,0.78
0,0,0.489,0.58,0.526,0.0,0.836,0.652,0.893
0,0,0.468,0.301,0.647,0.0,0.84,0.535,0.91
0,0,0.0,0.0,0.0,0.0,0.598,0.0,0.913
0,0,0.067,0.239,0.397,0.0,0.335,0.177,0.832
0,0,0.338,0.086,0.171,0.0,1.0,0.245,0.894
0,0,1.0,0.722,0.554,0.0,0.537,1.0,0.838
0,0,0.393,0.366,0.869,0.0,0.471,0.503,0.927
0,0,0.304,0.153,0.199,0.0,0.264,0.254,0.91
0,0,0.27,0.24,0.678,0.0,0.141,0.347,0.944
0,0,0.38,1.0,1.0,0.0,0.0,0.744,0.945
0,0.1,0.844,0.35,0.295,0.0,0.31,0.514,0.78
0,0.1,0.572,0.524,0.505,0.0,0.836,0.652,0.893
0,0.1,0.375,0.534,0.835,0.0,0.84,0.535,0.91
0,0.1,0.0,0.0,0.0,0.0,0.598,0.0,0.913
0,0.1,0.128,0.128,0.198,0.0,0.335,0.177,0.832
0,0.1,0.478,0.135,0.184,0.0,1.0,0.245,0.894
0,0.1,1.0,1.0,0.886,0.0,0.537,1.0,0.838
0,0.1,0.336,0.534,1.0,0.0,0.471,0.503,0.927
0,0.1,0.386,0.223,0.264,0.0,0.264,0.254,0.91
0,0.1,0.113,0.508,0.908,0.0,0.141,0.347,0.944
0,0.1,0.699,0.636,0.567,0.0,0.0,0.744,0.945
0,0.2,0.99,0.322,0.187,0.0,0.31,0.514,0.78
0,0.2,0.677,0.189,0.133,0.0,0.836,0.652,0.893
0,0.2,0.189,0.759,0.944,0.0,0.84,0.535,0.91
0,0.2,0.0,0.0,0.0,0.0,0.598,0.0,0.913
0,0.2,0.131,0.061,0.068,0.0,0.335,0.177,0.832
0,0.2,0.411,0.223,0.224,0.0,1.0,0.245,0.894
0,0.2,1.0,1.0,0.805,0.0,0.537,1.0,0.838
0,0.2,0.264,0.642,1.0,0.0,0.471,0.503,0.927
0,0.2,0.32,0.357,0.342,0.0,0.264,0.254,0.91
0,0.2,0.057,0.601,0.861,0.0,0.141,0.347,0.944
0,0.2,0.871,0.506,0.365,0.0,0.0,0.744,0.945
0,0.3,0.825,0.429,0.284,0.0,0.31,0.514,0.78
0,0.3,0.738,0.0,0.0,0.0,0.836,0.652,0.893
0,0.3,0.111,1.0,1.0,0.0,0.84,0.535,0.91
0,0.3,0.0,0.06,0.086,0.0,0.598,0.0,0.913
0,0.3,0.107,0.122,0.122,0.0,0.335,0.177,0.832
0,0.3,0.319,0.398,0.376,0.0,1.0,0.245,0.894
0,0.3,1.0,0.507,0.347,0.0,0.537,1.0,0.838
0,0.3,0.258,0.627,0.799,0.0,0.471,0.503,0.927
0,0.3,0.26,0.509,0.45,0.0,0.264,0.254,0.91
0,0.3,0.057,0.613,0.714,0.0,0.141,0.347,0.944
0,0.3,0.933,0.378,0.246,0.0,0.0,0.744,0.945
0,0.4,0.686,0.34,0.231,0.0,0.31,0.514,0.78
0,0.4,0.626,0.0,0.0,0.0,0.836,0.652,0.893
0,0.4,0.122,1.0,1.0,0.0,0.84,0.535,0.91
0,0.4,0.0,0.078,0.073,0.0,0.598,0.0,0.913
0,0.4,0.17,0.18,0.164,0.0,0.335,0.177,0.832
0,0.4,0.24,0.444,0.423,0.0,1.0,0.245,0.894
0,0.4,1.0,0.127,0.096,0.0,0.537,1.0,0.838
0,0.4,0.227,0.575,0.69,0.0,0.471,0.503,0.927
0,0.4,0.271,0.503,0.425,0.0,0.264,0.254,0.91
0,0.4,0.12,0.422,0.472,0.0,0.141,0.347,0.944
0,0.4,0.837,0.235,0.15,0.0,0.0,0.744,0.945
0,0.5,0.834,0.242,0.167,0.0,0.31,0.514,0.78
0,0.5,0.439,0.0,0.0,0.0,0.836,0.652,0.893
0,0.5,0.034,1.0,1.0,0.0,0.84,0.535,0.91
0,0.5,0.0,0.068,0.07,0.0,0.598,0.0,0.913
0,0.5,0.175,0.137,0.133,0.0,0.335,0.177,0.832
0,0.5,0.118,0.432,0.435,0.0,1.0,0.245,0.894
0,0.5,0.977,0.032,0.041,0.0,0.537,1.0,0.838
0,0.5,0.218,0.526,0.655,0.0,0.471,0.503,0.927
0,0.5,0.304,0.447,0.384,0.0,0.264,0.254,0.91
0,0.5,0.121,0.268,0.31,0.0,0.141,0.347,0.944
0,0.5,1.0,0.126,0.086,0.0,0.0,0.744,0.945
0,0.6,0.827,0.121,0.078,0.0,0.31,0.514,0.78
0,0.6,0.0,0.0,0.0,0.0,0.836,0.652,0.893
0,0.6,0.338,1.0,1.0,0.0,0.84,0.535,0.91
0,0.6,0.51,0.061,0.054,0.0,0.598,0.0,0.913
0,0.6,0.449,0.131,0.107,0.0,0.335,0.177,0.832
0,0.6,0.324,0.434,0.415,0.0,1.0,0.245,0.894
0,0.6,0.968,0.02,0.042,0.0,0.537,1.0,0.838
0,0.6,0.433,0.414,0.493,0.0,0.471,0.503,0.927
0,0.6,0.475,0.394,0.34,0.0,0.264,0.254,0.91
0,0.6,0.383,0.242,0.273,0.0,0.141,0.347,0.944
0,0.6,1.0,0.061,0.045,0.0,0.0,0.744,0.945
0,0.7,0.756,0.047,0.021,0.0,0.31,0.514,0.78
0,0.7,0.0,0.0,0.0,0.0,0.836,0.652,0.893
0,0.7,0.335,1.0,1.0,0.0,0.84,0.535,0.91
0,0.7,0.483,0.023,0.0,0.0,0.598,0.0,0.913
0,0.7,0.471,0.14,0.096,0.0,0.335,0.177,0.832
0,0.7,0.305,0.395,0.363,0.0,1.0,0.245,0.894
0,0.7,0.0,0.0,0.0,0.0,0.537,1.0,0.838
0,0.7,0.279,0.302,0.364,0.0,0.471,0.503,0.927
0,0.7,0.379,0.395,0.34,0.0,0.264,0.254,0.91
0,0.7,0.328,0.209,0.222,0.0,0.141,0.347,0.944
0,0.7,1.0,0.07,0.077,0.0,0.0,0.744,0.945
0,0.8,0.362,0.036,0.0,0.0,0.31,0.514,0.78
0,0.8,0.0,0.0,0.0,0.0,0.836,0.652,0.893
0,0.8,0.271,1.0,1.0,0.0,0.84,0.535,0.91
0,0.8,0.0,0.0,0.0,0.0,0.598,0.0,0.913
0,0.8,0.318,0.143,0.097,0.0,0.335,0.177,0.832
0,0.8,0.142,0.179,0.226,0.0,1.0,0.245,0.894
0,0.8,0.0,0.0,0.0,0.0,0.537,1.0,0.838
0,0.8,0.195,0.25,0.301,0.0,0.471,0.503,0.927
0,0.8,0.444,0.179,0.159,0.0,0.264,0.254,0.91
0,0.8,0.174,0.107,0.135,0.0,0.141,0.347,0.944
0,0.8,1.0,0.036,0.0,0.0,0.0,0.744,0.945
0,0.9,0.0,0.0,0.0,0.0,0.31,0.514,0.78
0,0.9,0.0,0.0,0.0,0.0,0.836,0.652,0.893
0,0.9,0.402,1.0,1.0,0.0,0.84,0.535,0.91
0,0.9,0.0,0.0,0.0,0.0,0.598,0.0,0.913
0,0.9,0.0,0.0,0.0,0.0,0.335,0.177,0.832
0,0.9,0.18,0.158,0.173,0.0,1.0,0.245,0.894
0,0.9,0.0,0.0,0.0,0.0,0.537,1.0,0.838
0,0.9,0.28,0.211,0.25,0.0,0.471,0.503,0.927
0,0.9,1.0,0.105,0.107,0.0,0.264,0.254,0.91
0,0.9,0.15,0.053,0.0,0.0,0.141,0.347,0.944
0,0.9,0.0,0.0,0.0,0.0,0.0,0.744,0.945
0,1,0.0,0.0,0.0,0.0,0.31,0.514,0.78
0,1,0.0,0.0,0.0,0.0,0.836,0.652,0.893
0,1,1.0,1.0,1.0,0.0,0.84,0.535,0.91
0,1,0.0,0.0,0.0,0.0,0.598,0.0,0.913
0,1,0.0,0.0,0.0,0.0,0.335,0.177,0.832
0,1,0.4,0.222,0.236,0.0,1.0,0.245,0.894
0,1,0.0,0.0,0.0,0.0,0.537,1.0,0.838
0,1,0.511,0.111,0.0,0.0,0.471,0.503,0.927
0,1,0.0,0.0,0.0,0.0,0.264,0.254,0.91
0,1,0.0,0.0,0.0,0.0,0.141,0.347,0.944
0,1,0.0,0.0,0.0,0.0,0.0,0.744,0.945
1,0,0.096,0.497,0.461,0.89,0.588,0.092,0.78
1,0,0.805,0.365,0.287,1.0,0.627,0.453,0.893
1,0,0.447,0.631,0.771,1.0,1.0,0.691,0.91
1,0,0.07,0.265,0.271,1.0,0.954,0.011,0.913
1,0,0.26,0.435,0.478,1.0,0.408,0.25,0.832
1,0,0.0,0.333,0.337,0.752,0.371,0.01,0.894
1,0,1.0,0.0,0.0,0.326,0.165,0.018,0.838
1,0,0.344,0.684,0.74,0.353,0.15,0.62,0.927
1,0,0.369,0.455,0.472,0.163,0.203,0.388,0.91
1,0,0.369,1.0,1.0,0.096,0.142,1.0,0.944
1,0,0.15,0.173,0.215,0.0,0.0,0.0,0.945
1,0.1,1.0,0.137,0.139,0.89,0.588,0.092,0.78
1,0.1,0.794,0.875,0.78,1.0,0.627,0.453,0.893
1,0.1,0.269,0.813,1.0,1.0,1.0,0.691,0.91
1,0.1,0.171,0.139,0.128,1.0,0.954,0.011,0.913
1,0.1,0.431,0.45,0.478,1.0,0.408,0.25,0.832
1,0.1,0.0,0.193,0.184,0.752,0.371,0.01,0.894
1,0.1,0.633,0.435,0.386,0.326,0.165,0.018,0.838
1,0.1,0.349,0.77,0.841,0.353,0.15,0.62,0.927
1,0.1,0.571,0.437,0.48,0.163,0.203,0.388,0.91
1,0.1,0.272,1.0,0.981,0.096,0.142,1.0,0.944
1,0.1,0.353,0.0,0.0,0.0,0.0,0.0,0.945
1,0.2,1.0,0.149,0.175,0.89,0.588,0.092,0.78
1,0.2,0.771,0.822,0.786,1.0,0.627,0.453,0.893
1,0.2,0.0,0.583,0.69,1.0,1.0,0.691,0.91
1,0.2,0.427,0.0,0.0,1.0,0.954,0.011,0.913
1,0.2,0.413,0.43,0.44,1.0,0.408,0.25,0.832
1,0.2,0.178,0.125,0.131,0.752,0.371,0.01,0.894
1,0.2,0.291,1.0,1.0,0.326,0.165,0.018,0.838
1,0.2,0.211,0.772,0.854,0.353,0.15,0.62,0.927
1,0.2,0.426,0.48,0.521,0.163,0.203,0.388,0.91
1,0.2,0.182,0.732,0.731,0.096,0.142,1.0,0.944
1,0.2,0.298,0.079,0.081,0.0,0.0,0.0,0.945
1,0.3,1.0,0.128,0.135,0.89,0.588,0.092,0.78
1,0.3,0.866,0.392,0.345,1.0,0.627,0.453,0.893
1,0.3,0.0,0.394,0.438,1.0,1.0,0.691,0.91
1,0.3,0.914,0.0,0.0,1.0,0.954,0.011,0.913
1,0.3,0.424,0.373,0.358,1.0,0.408,0.25,0.832
1,0.3,0.391,0.06,0.036,0.752,0.371,0.01,0.894
1,0.3,0.293,1.0,1.0,0.326,0.165,0.018,0.838
1,0.3,0.179,0.624,0.652,0.353,0.15,0.62,0.927
1,0.3,0.472,0.326,0.325,0.163,0.203,0.388,0.91
1,0.3,0.187,0.368,0.344,0.096,0.142,1.0,0.944
1,0.3,0.198,0.217,0.218,0.0,0.0,0.0,0.945
1,0.4,1.0,0.09,0.081,0.89,0.588,0.092,0.78
1,0.4,0.96,0.184,0.157,1.0,0.627,0.453,0.893
1,0.4,0.0,0.297,0.316,1.0,1.0,0.691,0.91
1,0.4,0.483,0.0,0.011,1.0,0.954,0.011,0.913
1,0.4,0.46,0.328,0.31,1.0,0.408,0.25,0.832
1,0.4,0.61,0.031,0.0,0.752,0.371,0.01,0.894
1,0.4,0.36,1.0,1.0,0.326,0.165,0.018,0.838
1,0.4,0.229,0.57,0.614,0.353,0.15,0.62,0.927
1,0.4,0.493,0.273,0.256,0.163,0.203,0.388,0.91
1,0.4,0.236,0.187,0.157,0.096,0.142,1.0,0.944
1,0.4,0.282,0.27,0.286,0.0,0.0,0.0,0.945
1,0.5,1.0,0.071,0.096,0.89,0.588,0.092,0.78
1,0.5,0.884,0.136,0.134,1.0,0.627,0.453,0.893
1,0.5,0.093,0.357,0.407,1.0,1.0,0.691,0.91
1,0.5,0.0,0.0,0.001,1.0,0.954,0.011,0.913
1,0.5,0.631,0.321,0.317,1.0,0.408,0.25,0.832
1,0.5,0.83,0.007,0.0,0.752,0.371,0.01,0.894
1,0.5,0.466,1.0,1.0,0.326,0.165,0.018,0.838
1,0.5,0.263,0.593,0.66,0.353,0.15,0.62,0.927
1,0.5,0.443,0.307,0.307,0.163,0.203,0.388,0.91
1,0.5,0.382,0.121,0.124,0.096,0.142,1.0,0.944
1,0.5,0.355,0.343,0.399,0.0,0.0,0.0,0.945
1,0.6,0.888,0.075,0.105,0.89,0.588,0.092,0.78
1,0.6,0.736,0.104,0.107,1.0,0.627,0.453,0.893
1,0.6,0.111,0.403,0.438,1.0,1.0,0.691,0.91
1,0.6,0.0,0.0,0.0,1.0,0.954,0.011,0.913
1,0.6,0.532,0.343,0.334,1.0,0.408,0.25,0.832
1,0.6,1.0,0.015,0.017,0.752,0.371,0.01,0.894
1,0.6,0.434,1.0,1.0,0.326,0.165,0.018,0.838
1,0.6,0.228,0.716,0.765,0.353,0.15,0.62,0.927
1,0.6,0.376,0.284,0.302,0.163,0.203,0.388,0.91
1,0.6,0.352,0.075,0.1,0.096,0.142,1.0,0.944
1,0.6,0.32,0.493,0.545,0.0,0.0,0.0,0.945
1,0.7,0.0,0.0,0.0,0.89,0.588,0.092,0.78
1,0.7,0.899,0.097,0.072,1.0,0.627,0.453,0.893
1,0.7,0.366,0.387,0.407,1.0,1.0,0.691,0.91
1,0.7,0.176,0.032,0.0,1.0,0.954,0.011,0.913
1,0.7,0.85,0.484,0.451,1.0,0.408,0.25,0.832
1,0.7,0.0,0.0,0.0,0.752,0.371,0.01,0.894
1,0.7,0.711,1.0,1.0,0.326,0.165,0.018,0.838
1,0.7,0.444,0.774,0.792,0.353,0.15,0.62,0.927
1,0.7,0.758,0.419,0.416,0.163,0.203,0.388,0.91
1,0.7,1.0,0.032,0.0,0.096,0.142,1.0,0.944
1,0.7,0.651,0.645,0.734,0.0,0.0,0.0,0.945
1,0.8,0.0,0.0,0.0,0.89,0.588,0.092,0.78
1,0.8,0.0,0.0,0.0,1.0,0.627,0.453,0.893
1,0.8,0.363,0.182,0.149,1.0,1.0,0.691,0.91
1,0.8,0.203,0.091,0.0,1.0,0.954,0.011,0.913
1,0.8,1.0,0.727,0.663,1.0,0.408,0.25,0.832
1,0.8,0.0,0.0,0.0,0.752,0.371,0.01,0.894
1,0.8,0.914,1.0,1.0,0.326,0.165,0.018,0.838
1,0.8,0.623,0.818,0.83,0.353,0.15,0.62,0.927
1,0.8,0.98,0.727,0.701,0.163,0.203,0.388,0.91
1,0.8,0.0,0.0,0.0,0.096,0.142,1.0,0.944
1,0.8,0.833,0.909,0.975,0.0,0.0,0.0,0.945
1,0.9,0.0,0.0,0.0,0.89,0.588,0.092,0.78
1,0.9,0.0,0.0,0.0,1.0,0.627,0.453,0.893
1,0.9,0.377,0.2,0.0,1.0,1.0,0.691,0.91
1,0.9,0.0,0.0,0.0,1.0,0.954,0.011,0.913
1,0.9,1.0,1.0,0.056,1.0,0.408,0.25,0.832
1,0.9,0.0,0.0,0.0,0.752,0.371,0.01,0.894
1,0.9,0.927,0.4,1.0,0.326,0.165,0.018,0.838
1,0.9,0.591,1.0,0.064,0.353,0.15,0.62,0.927
1,0.9,0.599,1.0,0.067,0.163,0.203,0.388,0.91
1,0.9,0.0,0.0,0.0,0.096,0.142,1.0,0.944
1,0.9,0.779,1.0,0.113,0.0,0.0,0.0,0.945
1,1,0.0,0.0,0.0,0.89,0.588,0.092,0.78
1,1,0.0,0.0,0.0,1.0,0.627,0.453,0.893
1,1,0.0,0.0,0.0,1.0,1.0,0.691,0.91
1,1,0.0,0.0,0.0,1.0,0.954,0.011,0.913
1,1,1.0,1.0,0.596,1.0,0.408,0.25,0.832
1,1,0.0,0.0,0.0,0.752,0.371,0.01,0.894
1,1,0.0,0.0,0.0,0.326,0.165,0.018,0.838
1,1,0.728,1.0,0.553,0.353,0.15,0.62,0.927
1,1,0.785,1.0,0.592,0.163,0.203,0.388,0.91
1,1,0.0,0.0,0.0,0.096,0.142,1.0,0.944
1,1,0.828,1.0,1.0,0.0,0.0,0.0,0.945
1,0,0.212,0.469,0.396,0.617,0.619,0.269,0.78
1,0,1.0,0.464,0.346,0.943,0.489,0.681,0.893
1,0,0.299,0.52,0.698,1.0,0.413,0.58,0.91
1,0,0.182,0.322,0.355,0.825,0.177,0.253,0.913
1,0,0.0,0.011,0.113,1.0,0.131,0.0,0.832
1,0,0.041,0.502,0.521,0.767,0.0,0.224,0.894
1,0,0.97,0.0,0.0,0.314,0.863,0.354,0.838
1,0,0.582,0.76,0.845,0.235,0.918,0.868,0.927
1,0,0.467,0.656,0.664,0.144,0.878,0.725,0.91
1,0,0.43,1.0,1.0,0.08,0.908,1.0,0.944
1,0,0.237,0.128,0.145,0.0,1.0,0.193,0.945
1,0.1,0.916,0.155,0.093,0.617,0.619,0.269,0.78
1,0.1,1.0,1.0,0.818,0.943,0.489,0.681,0.893
1,0.1,0.089,0.75,1.0,1.0,0.413,0.58,0.91
1,0.1,0.242,0.361,0.394,0.825,0.177,0.253,0.913
1,0.1,0.0,0.0,0.0,1.0,0.131,0.0,0.832
1,0.1,0.324,0.192,0.222,0.767,0.0,0.224,0.894
1,0.1,0.59,0.624,0.45,0.314,0.863,0.354,0.838
1,0.1,0.861,0.574,0.694,0.235,0.918,0.868,0.927
1,0.1,0.743,0.42,0.445,0.144,0.878,0.725,0.91
1,0.1,0.599,0.543,0.549,0.08,0.908,1.0,0.944
1,0.1,0.29,0.224,0.167,0.0,1.0,0.193,0.945
1,0.2,0.836,0.155,0.128,0.617,0.619,0.269,0.78
1,0.2,1.0,1.0,0.996,0.943,0.489,0.681,0.893
1,0.2,0.0,0.707,1.0,1.0,0.413,0.58,0.91
1,0.2,0.276,0.246,0.31,0.825,0.177,0.253,0.913
1,0.2,0.017,0.0,0.0,1.0,0.131,0.0,0.832
1,0.2,0.59,0.064,0.131,0.767,0.0,0.224,0.894
1,0.2,0.513,0.761,0.758,0.314,0.863,0.354,0.838
1,0.2,0.667,0.461,0.598,0.235,0.918,0.868,0.927
1,0.2,0.597,0.401,0.432,0.144,0.878,0.725,0.91
1,0.2,0.466,0.145,0.165,0.08,0.908,1.0,0.944
1,0.2,0.177,0.414,0.386,0.0,1.0,0.193,0.945
1,0.3,0.964,0.096,0.143,0.617,0.619,0.269,0.78
1,0.3,1.0,0.971,0.83,0.943,0.489,0.681,0.893
1,0.3,0.0,1.0,1.0,1.0,0.413,0.58,0.91
1,0.3,0.381,0.192,0.19,0.825,0.177,0.253,0.913
1,0.3,0.026,0.125,0.07,1.0,0.131,0.0,0.832
1,0.3,0.945,0.038,0.076,0.767,0.0,0.224,0.894
1,0.3,0.775,0.51,0.581,0.314,0.863,0.354,0.838
1,0.3,0.605,0.51,0.439,0.235,0.918,0.868,0.927
1,0.3,0.587,0.404,0.3,0.144,0.878,0.725,0.91
1,0.3,0.294,0.0,0.0,0.08,0.908,1.0,0.944
1,0.3,0.196,0.596,0.425,0.0,1.0,0.193,0.945
1,0.4,0.826,0.121,0.232,0.617,0.619,0.269,0.78
1,0.4,0.943,0.466,0.413,0.943,0.489,0.681,0.893
1,0.4,0.0,1.0,1.0,1.0,0.413,0.58,0.91
1,0.4,0.268,0.103,0.038,0.825,0.177,0.253,0.913
1,0.4,0.009,0.207,0.104,1.0,0.131,0.0,0.832
1,0.4,1.0,0.052,0.036,0.767,0.0,0.224,0.894
1,0.4,0.993,0.241,0.389,0.314,0.863,0.354,0.838
1,0.4,0.571,0.517,0.46,0.235,0.918,0.868,0.927
1,0.4,0.387,0.328,0.2,0.144,0.878,0.725,0.91
1,0.4,0.791,0.0,0.0,0.08,0.908,1.0,0.944
1,0.4,0.149,0.621,0.635,0.0,1.0,0.193,0.945
1,0.5,0.364,0.05,1.0,0.617,0.619,0.269,0.78
1,0.5,0.676,0.175,0.102,0.943,0.489,0.681,0.893
1,0.5,0.233,1.0,0.72,1.0,0.413,0.58,0.91
1,0.5,0.197,0.075,0.131,0.825,0.177,0.253,0.913
1,0.5,0.307,0.15,0.163,1.0,0.131,0.0,0.832
1,0.5,1.0,0.025,0.0,0.767,0.0,0.224,0.894
1,0.5,0.0,0.0,0.0,0.314,0.863,0.354,0.838
1,0.5,0.517,0.2,0.137,0.235,0.918,0.868,0.927
1,0.5,0.502,0.2,0.137,0.144,0.878,0.725,0.91
1,0.5,0.896,0.025,0.0,0.08,0.908,1.0,0.944
1,0.5,0.347,0.5,0.479,0.0,1.0,0.193,0.945
1,0.6,0.0,0.0,0.0,0.617,0.619,0.269,0.78
1,0.6,1.0,0.12,0.191,0.943,0.489,0.681,0.893
1,0.6,0.287,1.0,1.0,1.0,0.413,0.58,0.91
1,0.6,0.112,0.08,0.172,0.825,0.177,0.253,0.913
1,0.6,0.735,0.08,0.071,1.0,0.131,0.0,0.832
1,0.6,0.0,0.0,0.0,0.767,0.0,0.224,0.894
1,0.6,0.0,0.0,0.0,0.314,0.863,0.354,0.838
1,0.6,0.586,0.16,0.298,0.235,0.918,0.868,0.927
1,0.6,0.879,0.16,0.134,0.144,0.878,0.725,0.91
1,0.6,0.0,0.0,0.0,0.08,0.908,1.0,0.944
1,0.6,0.626,0.4,0.65,0.0,1.0,0.193,0.945
1,0.7,0.0,0.0,0.0,0.617,0.619,0.269,0.78
1,0.7,0.0,0.0,0.0,0.943,0.489,0.681,0.893
1,0.7,0.267,1.0,0.618,1.0,0.413,0.58,0.91
1,0.7,0.0,0.0,0.0,0.825,0.177,0.253,0.913
1,0.7,0.0,0.0,0.0,1.0,0.131,0.0,0.832
1,0.7,0.0,0.0,0.0,0.767,0.0,0.224,0.894
1,0.7,0.0,0.0,0.0,0.314,0.863,0.354,0.838
1,0.7,0.0,0.0,0.0,0.235,0.918,0.868,0.927
1,0.7,1.0,0.071,0.0,0.144,0.878,0.725,0.91
1,0.7,0.0,0.0,0.0,0.08,0.908,1.0,0.944
1,0.7,0.589,0.286,1.0,0.0,1.0,0.193,0.945
1,0.8,0.0,0.0,0.0,0.617,0.619,0.269,0.78
1,0.8,0.0,0.0,0.0,0.943,0.489,0.681,0.893
1,0.8,0.318,1.0,1.0,1.0,0.413,0.58,0.91
1,0.8,0.0,0.0,0.0,0.825,0.177,0.253,0.913
1,0.8,0.0,0.0,0.0,1.0,0.131,0.0,0.832
1,0.8,0.0,0.0,0.0,0.767,0.0,0.224,0.894
1,0.8,0.0,0.0,0.0,0.314,0.863,0.354,0.838
1,0.8,0.0,0.0,0.0,0.235,0.918,0.868,0.927
1,0.8,0.0,0.0,0.0,0.144,0.878,0.725,0.91
1,0.8,0.0,0.0,0.0,0.08,0.908,1.0,0.944
1,0.8,1.0,0.143,0.0,0.0,1.0,0.193,0.945
1,0.9,0.0,0.0,0.0,0.617,0.619,0.269,0.78
1,0.9,0.0,0.0,0.0,0.943,0.489,0.681,0.893
1,0.9,1.0,1.0,0.0,1.0,0.413,0.58,0.91
1,0.9,0.0,0.0,0.0,0.825,0.177,0.253,0.913
1,0.9,0.0,0.0,0.0,1.0,0.131,0.0,0.832
1,0.9,0.0,0.0,0.0,0.767,0.0,0.224,0.894
1,0.9,0.0,0.0,0.0,0.314,0.863,0.354,0.838
1,0.9,0.0,0.0,0.0,0.235,0.918,0.868,0.927
1,0.9,0.0,0.0,0.0,0.144,0.878,0.725,0.91
1,0.9,0.0,0.0,0.0,0.08,0.908,1.0,0.944
1,0.9,0.0,0.0,0.0,0.0,1.0,0.193,0.945
1,1,0.0,0.0,0.0,0.617,0.619,0.269,0.78
1,1,0.0,0.0,0.0,0.943,0.489,0.681,0.893
1,1,1.0,1.0,0.0,1.0,0.413,0.58,0.91
1,1,0.0,0.0,0.0,0.825,0.177,0.253,0.913
1,1,0.0,0.0,0.0,1.0,0.131,0.0,0.832
1,1,0.0,0.0,0.0,0.767,0.0,0.224,0.894
1,1,0.0,0.0,0.0,0.314,0.863,0.354,0.838
1,1,0.0,0.0,0.0,0.235,0.918,0.868,0.927
1,1,0.0,0.0,0.0,0.144,0.878,0.725,0.91
1,1,0.0,0.0,0.0,0.08,0.908,1.0,0.944
1,1,0.0,0.0,0.0,0.0,1.0,0.193,0.945
1,0,0.45,0.806,0.62,0.031,0.425,0.503,0.78
1,0,0.88,1.0,0.807,0.0,0.529,1.0,0.893
1,0,0.69,0.058,0.232,0.051,0.442,0.224,0.91
1,0,0.0,0.367,0.303,0.098,0.152,0.018,0.913
1,0,0.36,0.0,0.0,1.0,0.0,0.0,0.832
1,0,0.173,0.53,0.465,0.659,0.381,0.222,0.894
1,0,1.0,0.401,0.29,0.335,0.471,0.581,0.838
1,0,0.698,0.68,0.809,0.223,0.715,0.791,0.927
1,0,0.334,0.695,0.69,0.173,0.831,0.59,0.91
1,0,0.648,0.886,1.0,0.122,0.941,0.993,0.944
1,0,0.634,0.229,0.116,0.066,1.0,0.305,0.945
1,0.1,1.0,0.27,0.212,0.031,0.425,0.503,0.78
1,0.1,0.896,0.976,0.815,0.0,0.529,1.0,0.893
1,0.1,0.182,0.554,0.879,0.051,0.442,0.224,0.91
1,0.1,0.0,0.0,0.0,0.098,0.152,0.018,0.913
1,0.1,0.168,0.161,0.164,1.0,0.0,0.0,0.832
1,0.1,0.352,0.107,0.079,0.659,0.381,0.222,0.894
1,0.1,0.526,1.0,0.883,0.335,0.471,0.581,0.838
1,0.1,0.421,0.815,1.0,0.223,0.715,0.791,0.927
1,0.1,0.206,0.411,0.484,0.173,0.831,0.59,0.91
1,0.1,0.325,0.78,0.896,0.122,0.941,0.993,0.944
1,0.1,0.364,0.496,0.445,0.066,1.0,0.305,0.945
1,0.2,1.0,0.177,0.103,0.031,0.425,0.503,0.78
1,0.2,0.784,0.635,0.394,0.0,0.529,1.0,0.893
1,0.2,0.0,1.0,1.0,0.051,0.442,0.224,0.91
1,0.2,0.238,0.0,0.0,0.098,0.152,0.018,0.913
1,0.2,0.048,0.387,0.252,1.0,0.0,0.0,0.832
1,0.2,0.681,0.058,0.023,0.659,0.381,0.222,0.894
1,0.2,0.546,0.826,0.495,0.335,0.471,0.581,0.838
1,0.2,0.14,0.926,0.798,0.223,0.715,0.791,0.927
1,0.2,0.107,0.355,0.264,0.173,0.831,0.59,0.91
1,0.2,0.065,0.574,0.468,0.122,0.941,0.993,0.944
1,0.2,0.139,0.906,0.603,0.066,1.0,0.305,0.945
1,0.3,0.8,0.091,0.06,0.031,0.425,0.503,0.78
1,0.3,0.584,0.22,0.143,0.0,0.529,1.0,0.893
1,0.3,0.0,1.0,1.0,0.051,0.442,0.224,0.91
1,0.3,1.0,0.0,0.0,0.098,0.152,0.018,0.913
1,0.3,0.036,0.414,0.278,1.0,0.0,0.0,0.832
1,0.3,0.739,0.022,0.013,0.659,0.381,0.222,0.894
1,0.3,0.534,0.328,0.214,0.335,0.471,0.581,0.838
1,0.3,0.069,0.672,0.645,0.223,0.715,0.791,0.927
1,0.3,0.082,0.216,0.163,0.173,0.831,0.59,0.91
1,0.3,0.018,0.259,0.205,0.122,0.941,0.993,0.944
1,0.3,0.133,0.806,0.548,0.066,1.0,0.305,0.945
1,0.4,0.89,0.023,0.035,0.031,0.425,0.503,0.78
1,0.4,0.603,0.057,0.035,0.0,0.529,1.0,0.893
1,0.4,0.207,1.0,1.0,0.051,0.442,0.224,0.91
1,0.4,0.0,0.0,0.0,0.098,0.152,0.018,0.913
1,0.4,0.228,0.337,0.229,1.0,0.0,0.0,0.832
1,0.4,1.0,0.006,0.0,0.659,0.381,0.222,0.894
1,0.4,0.672,0.069,0.04,0.335,0.471,0.581,0.838
1,0.4,0.28,0.371,0.391,0.223,0.715,0.791,0.927
1,0.4,0.406,0.046,0.032,0.173,0.831,0.59,0.91
1,0.4,0.177,0.109,0.074,0.122,0.941,0.993,0.944
1,0.4,0.322,0.663,0.486,0.066,1.0,0.305,0.945
1,0.5,0.0,0.0,0.0,0.031,0.425,0.503,0.78
1,0.5,1.0,0.008,0.0,0.0,0.529,1.0,0.893
1,0.5,0.227,1.0,1.0,0.051,0.442,0.224,0.91
1,0.5,0.0,0.0,0.0,0.098,0.152,0.018,0.913
1,0.5,0.265,0.295,0.181,1.0,0.0,0.0,0.832
1,0.5,0.0,0.0,0.0,0.659,0.381,0.222,0.894
1,0.5,0.0,0.0,0.0,0.335,0.471,0.581,0.838
1,0.5,0.287,0.25,0.237,0.223,0.715,0.791,0.927
1,0.5,0.754,0.023,0.01,0.173,0.831,0.59,0.91
1,0.5,0.211,0.03,0.017,0.122,0.941,0.993,0.944
1,0.5,0.405,0.462,0.334,0.066,1.0,0.305,0.945
1,0.6,0.0,0.0,0.0,0.031,0.425,0.503,0.78
1,0.6,0.0,0.0,0.0,0.0,0.529,1.0,0.893
1,0.6,0.237,1.0,1.0,0.051,0.442,0.224,0.91
1,0.6,0.0,0.0,0.0,0.098,0.152,0.018,0.913
1,0.6,0.305,0.245,0.137,1.0,0.0,0.0,0.832
1,0.6,0.0,0.0,0.0,0.659,0.381,0.222,0.894
1,0.6,0.0,0.0,0.0,0.335,0.471,0.581,0.838
1,0.6,0.342,0.186,0.165,0.223,0.715,0.791,0.927
1,0.6,1.0,0.02,0.008,0.173,0.831,0.59,0.91
1,0.6,0.161,0.01,0.0,0.122,0.941,0.993,0.944
1,0.6,0.465,0.333,0.235,0.066,1.0,0.305,0.945
1,0.7,0.0,0.0,0.0,0.031,0.425,0.503,0.78
1,0.7,0.0,0.0,0.0,0.0,0.529,1.0,0.893
1,0.7,0.264,1.0,1.0,0.051,0.442,0.224,0.91
1,0.7,0.0,0.0,0.0,0.098,0.152,0.018,0.913
1,0.7,0.365,0.193,0.105,1.0,0.0,0.0,0.832
1,0.7,0.0,0.0,0.0,0.659,0.381,0.222,0.894
1,0.7,0.0,0.0,0.0,0.335,0.471,0.581,0.838
1,0.7,0.412,0.084,0.063,0.223,0.715,0.791,0.927
1,0.7,1.0,0.012,0.0,0.173,0.831,0.59,0.91
1,0.7,0.0,0.0,0.0,0.122,0.941,0.993,0.944
1,0.7,0.527,0.205,0.129,0.066,1.0,0.305,0.945
1,0.8,0.0,0.0,0.0,0.031,0.425,0.503,0.78
1,0.8,0.0,0.0,0.0,0.0,0.529,1.0,0.893
1,0.8,0.372,1.0,1.0,0.051,0.442,0.224,0.91
1,0.8,0.0,0.0,0.0,0.098,0.152,0.018,0.913
1,0.8,0.46,0.154,0.091,1.0,0.0,0.0,0.832
1,0.8,0.0,0.0,0.0,0.659,0.381,0.222,0.894
1,0.8,0.0,0.0,0.0,0.335,0.471,0.581,0.838
1,0.8,0.773,0.058,0.048,0.223,0.715,0.791,0.927
1,0.8,0.0,0.0,0.0,0.173,0.831,0.59,0.91
1,0.8,0.0,0.0,0.0,0.122,0.941,0.993,0.944
1,0.8,1.0,0.115,0.082,0.066,1.0,0.305,0.945
1,0.9,0.0,0.0,0.0,0.031,0.425,0.503,0.78
1,0.9,0.0,0.0,0.0,0.0,0.529,1.0,0.893
1,0.9,0.339,1.0,1.0,0.051,0.442,0.224,0.91
1,0.9,0.0,0.0,0.0,0.098,0.152,0.018,0.913
1,0.9,0.451,0.194,0.119,1.0,0.0,0.0,0.832
1,0.9,0.0,0.0,0.0,0.659,0.381,0.222,0.894
1,0.9,0.0,0.0,0.0,0.335,0.471,0.581,0.838
1,0.9,0.0,0.0,0.0,0.223,0.715,0.791,0.927
1,0.9,0.0,0.0,0.0,0.173,0.831,0.59,0.91
1,0.9,0.0,0.0,0.0,0.122,0.941,0.993,0.944
1,0.9,1.0,0.139,0.11,0.066,1.0,0.305,0.945
1,1,0.0,0.0,0.0,0.031,0.425,0.503,0.78
1,1,0.0,0.0,0.0,0.0,0.529,1.0,0.893
1,1,0.3,1.0,0.766,0.051,0.442,0.224,0.91
1,1,0.0,0.0,0.0,0.098,0.152,0.018,0.913
1,1,0.154,0.115,0.054,1.0,0.0,0.0,0.832
1,1,0.0,0.0,0.0,0.659,0.381,0.222,0.894
1,1,0.0,0.0,0.0,0.335,0.471,0.581,0.838
1,1,0.0,0.0,0.0,0.223,0.715,0.791,0.927
1,1,0.0,0.0,0.0,0.173,0.831,0.59,0.91
1,1,0.0,0.0,0.0,0.122,0.941,0.993,0.944
1,1,1.0,0.077,1.0,0.066,1.0,0.305,0.945
1,0,0.0,0.577,0.498,0.517,0.459,0.157,0.78
1,0,0.387,0.663,0.561,0.516,0.216,0.439,0.893
1,0,0.388,0.225,0.254,0.303,0.0,0.192,0.91
1,0,0.232,0.584,0.543,0.154,0.357,0.351,0.913
1,0,0.686,0.0,0.0,1.0,0.174,0.0,0.832
1,0,0.259,0.445,0.438,0.986,0.037,0.268,0.894
1,0,0.695,0.034,0.012,0.0,1.0,0.049,0.838
1,0,1.0,1.0,1.0,0.037,0.819,1.0,0.927
1,0,0.82,0.783,0.788,0.071,0.605,0.725,0.91
1,0,0.802,0.996,0.997,0.082,0.445,0.94,0.944
1,0,0.385,0.141,0.102,0.101,0.361,0.083,0.945
1,0.1,0.292,0.035,0.02,0.517,0.459,0.157,0.78
1,0.1,0.425,0.467,0.365,0.516,0.216,0.439,0.893
1,0.1,0.0,0.345,0.384,0.303,0.0,0.192,0.91
1,0.1,0.257,0.27,0.242,0.154,0.357,0.351,0.913
1,0.1,0.816,0.0,0.0,1.0,0.174,0.0,0.832
1,0.1,0.073,0.364,0.385,0.986,0.037,0.268,0.894
1,0.1,0.398,0.093,0.056,0.0,1.0,0.049,0.838
1,0.1,1.0,0.91,0.926,0.037,0.819,1.0,0.927
1,0.1,0.953,0.637,0.67,0.071,0.605,0.725,0.91
1,0.1,0.628,1.0,1.0,0.082,0.445,0.94,0.944
1,0.1,0.293,0.132,0.093,0.101,0.361,0.083,0.945
1,0.2,0.904,0.0,0.0,0.517,0.459,0.157,0.78
1,0.2,0.699,0.423,0.338,0.516,0.216,0.439,0.893
1,0.2,0.0,0.781,0.918,0.303,0.0,0.192,0.91
1,0.2,0.451,0.237,0.244,0.154,0.357,0.351,0.913
1,0.2,0.597,0.105,0.099,1.0,0.174,0.0,0.832
1,0.2,0.182,0.479,0.529,0.986,0.037,0.268,0.894
1,0.2,0.334,0.32,0.241,0.0,1.0,0.049,0.838
1,0.2,0.801,0.832,0.86,0.037,0.819,1.0,0.927
1,0.2,1.0,0.711,0.822,0.071,0.605,0.725,0.91
1,0.2,0.544,1.0,1.0,0.082,0.445,0.94,0.944
1,0.2,0.28,0.351,0.28,0.101,0.361,0.083,0.945
1,0.3,1.0,0.0,0.0,0.517,0.459,0.157,0.78
1,0.3,0.612,0.249,0.168,0.516,0.216,0.439,0.893
1,0.3,0.0,1.0,1.0,0.303,0.0,0.192,0.91
1,0.3,0.484,0.14,0.141,0.154,0.357,0.351,0.913
1,0.3,0.351,0.167,0.124,1.0,0.174,0.0,0.832
1,0.3,0.181,0.412,0.376,0.986,0.037,0.268,0.894
1,0.3,0.331,0.357,0.239,0.0,1.0,0.049,0.838
1,0.3,0.362,0.385,0.331,0.037,0.819,1.0,0.927
1,0.3,0.65,0.448,0.429,0.071,0.605,0.725,0.91
1,0.3,0.229,0.602,0.475,0.082,0.445,0.94,0.944
1,0.3,0.189,0.561,0.384,0.101,0.361,0.083,0.945
1,0.4,0.0,0.0,0.0,0.517,0.459,0.157,0.78
1,0.4,1.0,0.072,0.049,0.516,0.216,0.439,0.893
1,0.4,0.249,1.0,1.0,0.303,0.0,0.192,0.91
1,0.4,0.4,0.024,0.02,0.154,0.357,0.351,0.913
1,0.4,0.468,0.216,0.17,1.0,0.174,0.0,0.832
1,0.4,0.436,0.224,0.199,0.986,0.037,0.268,0.894
1,0.4,0.603,0.28,0.191,0.0,1.0,0.049,0.838
1,0.4,0.269,0.128,0.114,0.037,0.819,1.0,0.927
1,0.4,0.555,0.216,0.201,0.071,0.605,0.725,0.91
1,0.4,0.302,0.256,0.236,0.082,0.445,0.94,0.944
1,0.4,0.41,0.528,0.369,0.101,0.361,0.083,0.945
1,0.5,0.0,0.0,0.0,0.517,0.459,0.157,0.78
1,0.5,1.0,0.014,0.0,0.516,0.216,0.439,0.893
1,0.5,0.203,1.0,1.0,0.303,0.0,0.192,0.91
1,0.5,0.0,0.0,0.0,0.154,0.357,0.351,0.913
1,0.5,0.347,0.246,0.205,1.0,0.174,0.0,0.832
1,0.5,0.321,0.174,0.197,0.986,0.037,0.268,0.894
1,0.5,0.448,0.203,0.144,0.0,1.0,0.049,0.838
1,0.5,0.173,0.043,0.067,0.037,0.819,1.0,0.927
1,0.5,0.512,0.087,0.075,0.071,0.605,0.725,0.91
1,0.5,0.183,0.159,0.205,0.082,0.445,0.94,0.944
1,0.5,0.33,0.638,0.473,0.101,0.361,0.083,0.945
1,0.6,0.0,0.0,0.0,0.517,0.459,0.157,0.78
1,0.6,0.0,0.0,0.0,0.516,0.216,0.439,0.893
1,0.6,0.578,1.0,1.0,0.303,0.0,0.192,0.91
1,0.6,0.0,0.0,0.0,0.154,0.357,0.351,0.913
1,0.6,0.621,0.325,0.283,1.0,0.174,0.0,0.832
1,0.6,0.566,0.075,0.084,0.986,0.037,0.268,0.894
1,0.6,0.707,0.1,0.062,0.0,1.0,0.049,0.838
1,0.6,0.081,0.025,0.0,0.037,0.819,1.0,0.927
1,0.6,0.24,0.025,0.0,0.071,0.605,0.725,0.91
1,0.6,0.404,0.05,0.099,0.082,0.445,0.94,0.944
1,0.6,1.0,0.55,0.473,0.101,0.361,0.083,0.945
1,0.7,0.0,0.0,0.0,0.517,0.459,0.157,0.78
1,0.7,0.0,0.0,0.0,0.516,0.216,0.439,0.893
1,0.7,0.591,1.0,1.0,0.303,0.0,0.192,0.91
1,0.7,0.0,0.0,0.0,0.154,0.357,0.351,0.913
1,0.7,0.543,0.28,0.217,1.0,0.174,0.0,0.832
1,0.7,0.0,0.0,0.0,0.986,0.037,0.268,0.894
1,0.7,0.0,0.0,0.0,0.0,1.0,0.049,0.838
1,0.7,0.0,0.0,0.0,0.037,0.819,1.0,0.927
1,0.7,0.0,0.0,0.0,0.071,0.605,0.725,0.91
1,0.7,0.588,0.04,0.0,0.082,0.445,0.94,0.944
1,0.7,1.0,0.52,0.429,0.101,0.361,0.083,0.945
1,0.8,0.0,0.0,0.0,0.517,0.459,0.157,0.78
1,0.8,0.0,0.0,0.0,0.516,0.216,0.439,0.893
1,0.8,0.61,1.0,1.0,0.303,0.0,0.192,0.91
1,0.8,0.0,0.0,0.0,0.154,0.357,0.351,0.913
1,0.8,0.726,0.273,0.151,1.0,0.174,0.0,0.832
1,0.8,0.0,0.0,0.0,0.986,0.037,0.268,0.894
1,0.8,0.0,0.0,0.0,0.0,1.0,0.049,0.838
1,0.8,0.0,0.0,0.0,0.037,0.819,1.0,0.927
1,0.8,0.0,0.0,0.0,0.071,0.605,0.725,0.91
1,0.8,0.0,0.0,0.0,0.082,0.445,0.94,0.944
1,0.8,1.0,0.909,0.612,0.101,0.361,0.083,0.945
1,0.9,0.0,0.0,0.0,0.517,0.459,0.157,0.78
1,0.9,0.0,0.0,0.0,0.516,0.216,0.439,0.893
1,0.9,0.645,0.6,0.053,0.303,0.0,0.192,0.91
1,0.9,0.0,0.0,0.0,0.154,0.357,0.351,0.913
1,0.9,0.014,0.2,0.0,1.0,0.174,0.0,0.832
1,0.9,0.0,0.0,0.0,0.986,0.037,0.268,0.894
1,0.9,0.0,0.0,0.0,0.0,1.0,0.049,0.838
1,0.9,0.0,0.0,0.0,0.037,0.819,1.0,0.927
1,0.9,0.0,0.0,0.0,0.071,0.605,0.725,0.91
1,0.9,0.0,0.0,0.0,0.082,0.445,0.94,0.944
1,0.9,1.0,1.0,1.0,0.101,0.361,0.083,0.945
1,1,0.0,0.0,0.0,0.517,0.459,0.157,0.78
1,1,0.0,0.0,0.0,0.516,0.216,0.439,0.893
1,1,0.887,1.0,0.112,0.303,0.0,0.192,0.91
1,1,0.0,0.0,0.0,0.154,0.357,0.351,0.913
1,1,0.014,0.5,0.0,1.0,0.174,0.0,0.832
1,1,0.0,0.0,0.0,0.986,0.037,0.268,0.894
1,1,0.0,0.0,0.0,0.0,1.0,0.049,0.838
1,1,0.0,0.0,0.0,0.037,0.819,1.0,0.927
1,1,0.0,0.0,0.0,0.071,0.605,0.725,0.91
1,1,0.0,0.0,0.0,0.082,0.445,0.94,0.944
1,1,1.0,1.0,1.0,0.101,0.361,0.083,0.945
1,0,0.243,0.368,0.342,0.823,0.895,0.18,0.78
1,0,0.57,0.271,0.248,1.0,0.78,0.243,0.893
1,0,0.654,0.644,0.732,1.0,0.662,0.683,0.91
1,0,0.0,0.429,0.448,0.847,1.0,0.103,0.913
1,0,0.414,0.428,0.456,0.683,0.855,0.305,0.832
1,0,0.428,0.526,0.542,0.394,0.709,0.413,0.894
1,0,0.87,0.0,0.0,0.144,0.264,0.0,0.838
1,0,0.564,0.85,0.868,0.123,0.327,0.793,0.927
1,0,1.0,0.67,0.677,0.049,0.308,0.763,0.91
1,0,0.644,1.0,1.0,0.035,0.302,1.0,0.944
1,0,0.916,0.072,0.12,0.0,0.0,0.118,0.945
1,0.1,0.142,0.244,0.172,0.823,0.895,0.18,0.78
1,0.1,0.117,0.474,0.389,1.0,0.78,0.243,0.893
1,0.1,0.134,1.0,1.0,1.0,0.662,0.683,0.91
1,0.1,0.0,0.0,0.0,0.847,1.0,0.103,0.913
1,0.1,0.281,0.377,0.34,0.683,0.855,0.305,0.832
1,0.1,0.142,0.521,0.462,0.394,0.709,0.413,0.894
1,0.1,0.195,0.127,0.072,0.144,0.264,0.0,0.838
1,0.1,0.253,0.866,0.74,0.123,0.327,0.793,0.927
1,0.1,1.0,0.754,0.671,0.049,0.308,0.763,0.91
1,0.1,0.537,0.687,0.548,0.035,0.302,1.0,0.944
1,0.1,0.911,0.035,0.062,0.0,0.0,0.118,0.945
1,0.2,0.22,0.333,0.277,0.823,0.895,0.18,0.78
1,0.2,0.231,0.583,0.525,1.0,0.78,0.243,0.893
1,0.2,0.191,1.0,1.0,1.0,0.662,0.683,0.91
1,0.2,0.457,0.0,0.0,0.847,1.0,0.103,0.913
1,0.2,0.498,0.396,0.361,0.683,0.855,0.305,0.832
1,0.2,0.258,0.486,0.44,0.394,0.709,0.413,0.894
1,0.2,0.0,0.486,0.383,0.144,0.264,0.0,0.838
1,0.2,0.225,0.873,0.806,0.123,0.327,0.793,0.927
1,0.2,1.0,0.731,0.696,0.049,0.308,0.763,0.91
1,0.2,0.685,0.4,0.359,0.035,0.302,1.0,0.944
1,0.2,0.748,0.13,0.17,0.0,0.0,0.118,0.945
1,0.3,0.323,0.41,0.378,0.823,0.895,0.18,0.78
1,0.3,0.495,0.366,0.357,1.0,0.78,0.243,0.893
1,0.3,0.233,1.0,1.0,1.0,0.662,0.683,0.91
1,0.3,0.895,0.0,0.0,0.847,1.0,0.103,0.913
1,0.3,0.544,0.454,0.43,0.683,0.855,0.305,0.832
1,0.3,0.306,0.493,0.461,0.394,0.709,0.413,0.894
1,0.3,0.0,0.925,0.81,0.144,0.264,0.0,0.838
1,0.3,0.305,0.877,0.868,0.123,0.327,0.793,0.927
1,0.3,1.0,0.811,0.819,0.049,0.308,0.763,0.91
1,0.3,0.451,0.203,0.195,0.035,0.302,1.0,0.944
1,0.3,0.533,0.238,0.332,0.0,0.0,0.118,0.945
1,0.4,0.227,0.222,0.25,0.823,0.895,0.18,0.78
1,0.4,0.409,0.114,0.128,1.0,0.78,0.243,0.893
1,0.4,0.135,0.751,0.817,1.0,0.662,0.683,0.91
1,0.4,0.015,0.0,0.0,0.847,1.0,0.103,0.913
1,0.4,0.53,0.303,0.344,0.683,0.855,0.305,0.832
1,0.4,0.271,0.368,0.391,0.394,0.709,0.413,0.894
1,0.4,0.0,1.0,1.0,0.144,0.264,0.0,0.838
1,0.4,0.371,0.486,0.559,0.123,0.327,0.793,0.927
1,0.4,1.0,0.514,0.608,0.049,0.308,0.763,0.91
1,0.4,0.473,0.027,0.032,0.035,0.302,1.0,0.944
1,0.4,0.414,0.249,0.443,0.0,0.0,0.118,0.945
1,0.5,0.594,0.118,0.137,0.823,0.895,0.18,0.78
1,0.5,0.868,0.035,0.05,1.0,0.78,0.243,0.893
1,0.5,0.513,0.576,0.606,1.0,0.662,0.683,0.91
1,0.5,0.0,0.0,0.0,0.847,1.0,0.103,0.913
1,0.5,0.823,0.167,0.186,0.683,0.855,0.305,0.832
1,0.5,0.606,0.285,0.291,0.394,0.709,0.413,0.894
1,0.5,0.518,1.0,1.0,0.144,0.264,0.0,0.838
1,0.5,0.693,0.194,0.233,0.123,0.327,0.793,0.927
1,0.5,1.0,0.306,0.338,0.049,0.308,0.763,0.91
1,0.5,0.567,0.014,0.027,0.035,0.302,1.0,0.944
1,0.5,0.659,0.25,0.441,0.0,0.0,0.118,0.945
1,0.6,0.327,0.067,0.156,0.823,0.895,0.18,0.78
1,0.6,0.33,0.01,0.0,1.0,0.78,0.243,0.893
1,0.6,0.46,0.462,0.479,1.0,0.662,0.683,0.91
1,0.6,0.0,0.0,0.0,0.847,1.0,0.103,0.913
1,0.6,0.885,0.096,0.117,0.683,0.855,0.305,0.832
1,0.6,0.477,0.212,0.211,0.394,0.709,0.413,0.894
1,0.6,0.505,1.0,1.0,0.144,0.264,0.0,0.838
1,0.6,0.526,0.077,0.101,0.123,0.327,0.793,0.927
1,0.6,1.0,0.231,0.254,0.049,0.308,0.763,0.91
1,0.6,0.0,0.0,0.0,0.035,0.302,1.0,0.944
1,0.6,0.583,0.221,0.426,0.0,0.0,0.118,0.945
1,0.7,0.815,0.014,0.0,0.823,0.895,0.18,0.78
1,0.7,0.0,0.0,0.0,1.0,0.78,0.243,0.893
1,0.7,0.5,0.297,0.293,1.0,0.662,0.683,0.91
1,0.7,0.0,0.0,0.0,0.847,1.0,0.103,0.913
1,0.7,0.894,0.054,0.085,0.683,0.855,0.305,0.832
1,0.7,0.52,0.108,0.101,0.394,0.709,0.413,0.894
1,0.7,0.585,1.0,1.0,0.144,0.264,0.0,0.838
1,0.7,0.707,0.054,0.076,0.123,0.327,0.793,0.927
1,0.7,1.0,0.162,0.196,0.049,0.308,0.763,0.91
1,0.7,0.0,0.0,0.0,0.035,0.302,1.0,0.944
1,0.7,0.557,0.203,0.566,0.0,0.0,0.118,0.945
1,0.8,0.0,0.0,0.0,0.823,0.895,0.18,0.78
1,0.8,0.0,0.0,0.0,1.0,0.78,0.243,0.893
1,0.8,0.584,0.173,0.165,1.0,0.662,0.683,0.91
1,0.8,0.0,0.0,0.0,0.847,1.0,0.103,0.913
1,0.8,1.0,0.058,0.079,0.683,0.855,0.305,0.832
1,0.8,0.7,0.058,0.086,0.394,0.709,0.413,0.894
1,0.8,0.552,1.0,1.0,0.144,0.264,0.0,0.838
1,0.8,0.647,0.038,0.064,0.123,0.327,0.793,0.927
1,0.8,0.886,0.135,0.211,0.049,0.308,0.763,0.91
1,0.8,0.0,0.0,0.0,0.035,0.302,1.0,0.944
1,0.8,0.766,0.154,0.268,0.0,0.0,0.118,0.945
1,0.9,0.0,0.0,0.0,0.823,0.895,0.18,0.78
1,0.9,0.0,0.0,0.0,1.0,0.78,0.243,0.893
1,0.9,0.393,0.207,0.195,1.0,0.662,0.683,0.91
1,0.9,0.0,0.0,0.0,0.847,1.0,0.103,0.913
1,0.9,0.0,0.0,0.0,0.683,0.855,0.305,0.832
1,0.9,1.0,0.034,0.0,0.394,0.709,0.413,0.894
1,0.9,0.407,1.0,1.0,0.144,0.264,0.0,0.838
1,0.9,0.409,0.069,0.103,0.123,0.327,0.793,0.927
1,0.9,0.629,0.103,0.125,0.049,0.308,0.763,0.91
1,0.9,0.0,0.0,0.0,0.035,0.302,1.0,0.944
1,0.9,0.62,0.207,0.275,0.0,0.0,0.118,0.945
1,1,0.0,0.0,0.0,0.823,0.895,0.18,0.78
1,1,0.0,0.0,0.0,1.0,0.78,0.243,0.893
1,1,0.365,0.2,0.092,1.0,0.662,0.683,0.91
1,1,0.0,0.0,0.0,0.847,1.0,0.103,0.913
1,1,0.0,0.0,0.0,0.683,0.855,0.305,0.832
1,1,1.0,0.067,0.0,0.394,0.709,0.413,0.894
1,1,0.525,1.0,1.0,0.144,0.264,0.0,0.838
1,1,0.409,0.133,0.151,0.123,0.327,0.793,0.927
1,1,0.0,0.0,0.0,0.049,0.308,0.763,0.91
1,1,0.0,0.0,0.0,0.035,0.302,1.0,0.944
1,1,0.735,0.2,0.458,0.0,0.0,0.118,0.945
1,0,0.19,0.262,0.193,0.955,1.0,0.0,0.78
1,0,0.69,0.193,0.09,1.0,0.963,0.432,0.893
1,0,0.656,0.389,0.473,1.0,0.88,0.672,0.91
1,0,0.352,0.0,0.043,1.0,0.924,0.13,0.913
1,0,0.456,0.284,0.296,1.0,0.533,0.347,0.832
1,0,0.51,0.095,0.093,1.0,0.913,0.273,0.894
1,0,1.0,0.183,0.0,1.0,0.024,0.582,0.838
1,0,0.08,0.496,0.629,0.849,0.117,0.256,0.927
1,0,0.0,0.225,0.192,0.519,0.032,0.063,0.91
1,0,0.481,1.0,1.0,0.302,0.0,1.0,0.944
1,0,0.41,0.054,0.029,0.0,0.082,0.2,0.945
1,0.1,1.0,0.0,0.0,0.955,1.0,0.0,0.78
1,0.1,0.452,0.557,0.48,1.0,0.963,0.432,0.893
1,0.1,0.163,0.892,0.953,1.0,0.88,0.672,0.91
1,0.1,0.224,0.307,0.327,1.0,0.924,0.13,0.913
1,0.1,0.357,0.481,0.477,1.0,0.533,0.347,0.832
1,0.1,0.326,0.419,0.411,1.0,0.913,0.273,0.894
1,0.1,0.361,1.0,0.756,1.0,0.024,0.582,0.838
1,0.1,0.072,0.264,0.351,0.849,0.117,0.256,0.927
1,0.1,0.0,0.153,0.148,0.519,0.032,0.063,0.91
1,0.1,0.16,0.933,1.0,0.302,0.0,1.0,0.944
1,0.1,0.317,0.31,0.23,0.0,0.082,0.2,0.945
1,0.2,1.0,0.0,0.0,0.955,1.0,0.0,0.78
1,0.2,0.585,0.282,0.333,1.0,0.963,0.432,0.893
1,0.2,0.0,0.953,1.0,1.0,0.88,0.672,0.91
1,0.2,0.192,0.274,0.259,1.0,0.924,0.13,0.913
1,0.2,0.28,0.501,0.44,1.0,0.533,0.347,0.832
1,0.2,0.251,0.505,0.492,1.0,0.913,0.273,0.894
1,0.2,0.475,1.0,0.861,1.0,0.024,0.582,0.838
1,0.2,0.149,0.068,0.133,0.849,0.117,0.256,0.927
1,0.2,0.118,0.006,0.003,0.519,0.032,0.063,0.91
1,0.2,0.209,0.486,0.574,0.302,0.0,1.0,0.944
1,0.2,0.105,0.529,0.376,0.0,0.082,0.2,0.945
1,0.3,0.979,0.0,0.016,0.955,1.0,0.0,0.78
1,0.3,1.0,0.016,0.1,1.0,0.963,0.432,0.893
1,0.3,0.0,1.0,1.0,1.0,0.88,0.672,0.91
1,0.3,0.368,0.21,0.179,1.0,0.924,0.13,0.913
1,0.3,0.334,0.568,0.461,1.0,0.533,0.347,0.832
1,0.3,0.513,0.44,0.405,1.0,0.913,0.273,0.894
1,0.3,0.821,0.84,0.818,1.0,0.024,0.582,0.838
1,0.3,0.268,0.012,0.06,0.849,0.117,0.256,0.927
1,0.3,0.319,0.025,0.0,0.519,0.032,0.063,0.91
1,0.3,0.41,0.305,0.383,0.302,0.0,1.0,0.944
1,0.3,0.112,0.848,0.599,0.0,0.082,0.2,0.945
1,0.4,0.903,0.025,0.038,0.955,1.0,0.0,0.78
1,0.4,0.959,0.0,0.0,1.0,0.963,0.432,0.893
1,0.4,0.0,0.969,1.0,1.0,0.88,0.672,0.91
1,0.4,0.463,0.189,0.153,1.0,0.924,0.13,0.913
1,0.4,0.335,0.503,0.459,1.0,0.533,0.347,0.832
1,0.4,0.545,0.327,0.336,1.0,0.913,0.273,0.894
1,0.4,1.0,0.409,0.561,1.0,0.024,0.582,0.838
1,0.4,0.34,0.107,0.138,0.849,0.117,0.256,0.927
1,0.4,0.184,0.044,0.005,0.519,0.032,0.063,0.91
1,0.4,0.457,0.239,0.259,0.302,0.0,1.0,0.944
1,0.4,0.139,1.0,0.831,0.0,0.082,0.2,0.945
1,0.5,0.839,0.081,0.12,0.955,1.0,0.0,0.78
1,0.5,0.253,0.0,0.0,1.0,0.963,0.432,0.893
1,0.5,0.0,0.929,1.0,1.0,0.88,0.672,0.91
1,0.5,0.549,0.232,0.261,1.0,0.924,0.13,0.913
1,0.5,0.32,0.586,0.644,1.0,0.533,0.347,0.832
1,0.5,0.666,0.232,0.293,1.0,0.913,0.273,0.894
1,0.5,1.0,0.172,0.258,1.0,0.024,0.582,0.838
1,0.5,0.315,0.152,0.244,0.849,0.117,0.256,0.927
1,0.5,0.053,0.081,0.09,0.519,0.032,0.063,0.91
1,0.5,0.073,0.121,0.154,0.302,0.0,1.0,0.944
1,0.5,0.133,1.0,0.991,0.0,0.082,0.2,0.945
1,0.6,0.73,0.0,0.0,0.955,1.0,0.0,0.78
1,0.6,0.34,0.0,0.0,1.0,0.963,0.432,0.893
1,0.6,0.272,0.855,0.856,1.0,0.88,0.672,0.91
1,0.6,0.589,0.129,0.173,1.0,0.924,0.13,0.913
1,0.6,0.362,0.468,0.517,1.0,0.533,0.347,0.832
1,0.6,0.672,0.161,0.201,1.0,0.913,0.273,0.894
1,0.6,1.0,0.016,0.046,1.0,0.024,0.582,0.838
1,0.6,0.46,0.065,0.099,0.849,0.117,0.256,0.927
1,0.6,0.0,0.032,0.056,0.519,0.032,0.063,0.91
1,0.6,0.174,0.048,0.078,0.302,0.0,1.0,0.944
1,0.6,0.34,1.0,1.0,0.0,0.082,0.2,0.945
1,0.7,0.0,0.0,0.0,0.955,1.0,0.0,0.78
1,0.7,0.0,0.0,0.0,1.0,0.963,0.432,0.893
1,0.7,0.271,0.947,0.873,1.0,0.88,0.672,0.91
1,0.7,0.857,0.132,0.158,1.0,0.924,0.13,0.913
1,0.7,0.513,0.421,0.421,1.0,0.533,0.347,0.832
1,0.7,1.0,0.079,0.136,1.0,0.913,0.273,0.894
1,0.7,0.0,0.0,0.0,1.0,0.024,0.582,0.838
1,0.7,0.649,0.053,0.057,0.849,0.117,0.256,0.927
1,0.7,0.0,0.0,0.0,0.519,0.032,0.063,0.91
1,0.7,0.0,0.0,0.0,0.302,0.0,1.0,0.944
1,0.7,0.403,1.0,1.0,0.0,0.082,0.2,0.945
1,0.8,0.0,0.0,0.0,0.955,1.0,0.0,0.78
1,0.8,0.0,0.0,0.0,1.0,0.963,0.432,0.893
1,0.8,0.223,0.762,0.6,1.0,0.88,0.672,0.91
1,0.8,0.852,0.048,0.0,1.0,0.924,0.13,0.913
1,0.8,0.433,0.333,0.252,1.0,0.533,0.347,0.832
1,0.8,1.0,0.048,0.0,1.0,0.913,0.273,0.894
1,0.8,0.0,0.0,0.0,1.0,0.024,0.582,0.838
1,0.8,0.0,0.0,0.0,0.849,0.117,0.256,0.927
1,0.8,0.0,0.0,0.0,0.519,0.032,0.063,0.91
1,0.8,0.0,0.0,0.0,0.302,0.0,1.0,0.944
1,0.8,0.323,1.0,1.0,0.0,0.082,0.2,0.945
1,0.9,0.0,0.0,0.0,0.955,1.0,0.0,0.78
1,0.9,0.0,0.0,0.0,1.0,0.963,0.432,0.893
1,0.9,0.348,0.889,0.442,1.0,0.88,0.672,0.91
1,0.9,0.989,0.111,0.0,1.0,0.924,0.13,0.913
1,0.9,1.0,0.111,0.0,1.0,0.533,0.347,0.832
1,0.9,0.0,0.0,0.0,1.0,0.913,0.273,0.894
1,0.9,0.0,0.0,0.0,1.0,0.024,0.582,0.838
1,0.9,0.0,0.0,0.0,0.849,0.117,0.256,0.927
1,0.9,0.0,0.0,0.0,0.519,0.032,0.063,0.91
1,0.9,0.0,0.0,0.0,0.302,0.0,1.0,0.944
1,0.9,0.371,1.0,1.0,0.0,0.082,0.2,0.945
1,1,0.0,0.0,0.0,0.955,1.0,0.0,0.78
1,1,0.0,0.0,0.0,1.0,0.963,0.432,0.893
1,1,0.274,0.333,1.0,1.0,0.88,0.672,0.91
1,1,0.0,0.0,0.0,1.0,0.924,0.13,0.913
1,1,1.0,0.167,0.0,1.0,0.533,0.347,0.832
1,1,0.0,0.0,0.0,1.0,0.913,0.273,0.894
1,1,0.0,0.0,0.0,1.0,0.024,0.582,0.838
1,1,0.0,0.0,0.0,0.849,0.117,0.256,0.927
1,1,0.0,0.0,0.0,0.519,0.032,0.063,0.91
1,1,0.0,0.0,0.0,0.302,0.0,1.0,0.944
1,1,0.393,1.0,0.508,0.0,0.082,0.2,0.945
1,0,0.0,0.454,0.437,0.376,1.0,0.0,0.78
1,0,0.608,0.6,0.519,0.653,0.0,0.539,0.893
1,0,0.557,0.59,0.72,1.0,0.185,0.609,0.91
1,0,0.387,0.361,0.357,0.953,0.853,0.216,0.913
1,0,0.331,0.509,0.547,0.797,0.396,0.313,0.832
1,0,0.655,0.353,0.339,0.488,0.702,0.334,0.894
1,0,0.932,0.0,0.0,0.209,0.38,0.035,0.838
1,0,0.786,0.777,0.818,0.233,0.534,0.829,0.927
1,0,0.819,0.477,0.479,0.139,0.608,0.537,0.91
1,0,0.562,1.0,1.0,0.102,0.557,1.0,0.944
1,0,1.0,0.295,0.368,0.0,0.026,0.413,0.945
1,0.1,0.537,0.0,0.0,0.376,1.0,0.0,0.78
1,0.1,0.547,0.777,0.607,0.653,0.0,0.539,0.893
1,0.1,0.0,1.0,1.0,1.0,0.185,0.609,0.91
1,0.1,0.32,0.407,0.368,0.953,0.853,0.216,0.913
1,0.1,0.257,0.444,0.376,0.797,0.396,0.313,0.832
1,0.1,0.481,0.587,0.477,0.488,0.702,0.334,0.894
1,0.1,0.166,0.41,0.279,0.209,0.38,0.035,0.838
1,0.1,0.633,0.996,0.894,0.233,0.534,0.829,0.927
1,0.1,0.78,0.652,0.549,0.139,0.608,0.537,0.91
1,0.1,0.172,0.719,0.576,0.102,0.557,1.0,0.944
1,0.1,1.0,0.441,0.439,0.0,0.026,0.413,0.945
1,0.2,1.0,0.0,0.0,0.376,1.0,0.0,0.78
1,0.2,0.748,0.452,0.418,0.653,0.0,0.539,0.893
1,0.2,0.043,0.767,0.792,1.0,0.185,0.609,0.91
1,0.2,0.467,0.367,0.418,0.953,0.853,0.216,0.913
1,0.2,0.355,0.375,0.35,0.797,0.396,0.313,0.832
1,0.2,0.323,0.814,0.802,0.488,0.702,0.334,0.894
1,0.2,0.0,0.844,0.741,0.209,0.38,0.035,0.838
1,0.2,0.335,1.0,1.0,0.233,0.534,0.829,0.927
1,0.2,0.505,0.721,0.702,0.139,0.608,0.537,0.91
1,0.2,0.059,0.356,0.349,0.102,0.557,1.0,0.944
1,0.2,0.387,0.504,0.536,0.0,0.026,0.413,0.945
1,0.3,0.601,0.0,0.128,0.376,1.0,0.0,0.78
1,0.3,1.0,0.131,0.0,0.653,0.0,0.539,0.893
1,0.3,0.0,0.724,0.695,1.0,0.185,0.609,0.91
1,0.3,0.832,0.192,0.193,0.953,0.853,0.216,0.913
1,0.3,0.3,0.248,0.128,0.797,0.396,0.313,0.832
1,0.3,0.325,0.86,0.901,0.488,0.702,0.334,0.894
1,0.3,0.022,1.0,1.0,0.209,0.38,0.035,0.838
1,0.3,0.247,0.939,0.939,0.233,0.534,0.829,0.927
1,0.3,0.395,0.65,0.578,0.139,0.608,0.537,0.91
1,0.3,0.171,0.117,0.002,0.102,0.557,1.0,0.944
1,0.3,0.061,0.505,0.451,0.0,0.026,0.413,0.945
1,0.4,0.0,0.0,0.0,0.376,1.0,0.0,0.78
1,0.4,1.0,0.044,0.047,0.653,0.0,0.539,0.893
1,0.4,0.501,0.606,0.561,1.0,0.185,0.609,0.91
1,0.4,0.711,0.073,0.082,0.953,0.853,0.216,0.913
1,0.4,0.618,0.153,0.134,0.797,0.396,0.313,0.832
1,0.4,0.716,0.715,0.705,0.488,0.702,0.334,0.894
1,0.4,0.552,1.0,1.0,0.209,0.38,0.035,0.838
1,0.4,0.65,0.745,0.69,0.233,0.534,0.829,0.927
1,0.4,0.743,0.496,0.45,0.139,0.608,0.537,0.91
1,0.4,0.583,0.044,0.042,0.102,0.557,1.0,0.944
1,0.4,0.51,0.496,0.478,0.0,0.026,0.413,0.945
1,0.5,0.0,0.0,0.0,0.376,1.0,0.0,0.78
1,0.5,1.0,0.036,0.055,0.653,0.0,0.539,0.893
1,0.5,0.556,0.458,0.379,1.0,0.185,0.609,0.91
1,0.5,0.827,0.024,0.066,0.953,0.853,0.216,0.913
1,0.5,0.726,0.072,0.056,0.797,0.396,0.313,0.832
1,0.5,0.965,0.59,0.574,0.488,0.702,0.334,0.894
1,0.5,0.769,1.0,1.0,0.209,0.38,0.035,0.838
1,0.5,0.892,0.53,0.464,0.233,0.534,0.829,0.927
1,0.5,0.855,0.518,0.443,0.139,0.608,0.537,0.91
1,0.5,0.033,0.012,0.0,0.102,0.557,1.0,0.944
1,0.5,0.568,0.554,0.507,0.0,0.026,0.413,0.945
1,0.6,0.0,0.0,0.0,0.376,1.0,0.0,0.78
1,0.6,0.922,0.033,0.0,0.653,0.0,0.539,0.893
1,0.6,0.53,0.6,0.508,1.0,0.185,0.609,0.91
1,0.6,0.0,0.0,0.0,0.953,0.853,0.216,0.913
1,0.6,0.442,0.067,0.033,0.797,0.396,0.313,0.832
1,0.6,0.876,0.733,0.673,0.488,0.702,0.334,0.894
1,0.6,1.0,0.9,1.0,0.209,0.38,0.035,0.838
1,0.6,0.814,0.867,0.684,0.233,0.534,0.829,0.927
1,0.6,0.868,0.733,0.626,0.139,0.608,0.537,0.91
1,0.6,0.03,0.033,0.0,0.102,0.557,1.0,0.944
1,0.6,0.501,1.0,0.794,0.0,0.026,0.413,0.945
1,0.7,0.0,0.0,0.0,0.376,1.0,0.0,0.78
1,0.7,0.0,0.0,0.0,0.653,0.0,0.539,0.893
1,0.7,0.59,0.556,0.373,1.0,0.185,0.609,0.91
1,0.7,0.0,0.0,0.0,0.953,0.853,0.216,0.913
1,0.7,0.0,0.0,0.0,0.797,0.396,0.313,0.832
1,0.7,0.911,0.556,0.438,0.488,0.702,0.334,0.894
1,0.7,1.0,0.833,1.0,0.209,0.38,0.035,0.838
1,0.7,0.581,0.778,0.461,0.233,0.534,0.829,0.927
1,0.7,0.798,0.389,0.326,0.139,0.608,0.537,0.91
1,0.7,0.027,0.056,0.0,0.102,0.557,1.0,0.944
1,0.7,0.47,1.0,0.62,0.0,0.026,0.413,0.945
1,0.8,0.0,0.0,0.0,0.376,1.0,0.0,0.78
1,0.8,0.0,0.0,0.0,0.653,0.0,0.539,0.893
1,0.8,0.48,0.636,0.609,1.0,0.185,0.609,0.91
1,0.8,0.0,0.0,0.0,0.953,0.853,0.216,0.913
1,0.8,0.0,0.0,0.0,0.797,0.396,0.313,0.832
1,0.8,1.0,0.273,0.191,0.488,0.702,0.334,0.894
1,0.8,0.909,0.636,0.915,0.209,0.38,0.035,0.838
1,0.8,0.26,0.636,0.487,0.233,0.534,0.829,0.927
1,0.8,0.416,0.273,0.254,0.139,0.608,0.537,0.91
1,0.8,0.0,0.0,0.0,0.102,0.557,1.0,0.944
1,0.8,0.3,1.0,1.0,0.0,0.026,0.413,0.945
1,0.9,0.0,0.0,0.0,0.376,1.0,0.0,0.78
1,0.9,0.0,0.0,0.0,0.653,0.0,0.539,0.893
1,0.9,0.962,0.143,0.0,1.0,0.185,0.609,0.91
1,0.9,0.0,0.0,0.0,0.953,0.853,0.216,0.913
1,0.9,0.0,0.0,0.0,0.797,0.396,0.313,0.832
1,0.9,0.634,0.143,0.0,0.488,0.702,0.334,0.894
1,0.9,1.0,0.571,0.572,0.209,0.38,0.035,0.838
1,0.9,0.029,0.143,0.0,0.233,0.534,0.829,0.927
1,0.9,0.949,0.143,0.0,0.139,0.608,0.537,0.91
1,0.9,0.0,0.0,0.0,0.102,0.557,1.0,0.944
1,0.9,0.263,1.0,1.0,0.0,0.026,0.413,0.945
1,1,0.0,0.0,0.0,0.376,1.0,0.0,0.78
1,1,0.0,0.0,0.0,0.653,0.0,0.539,0.893
1,1,0.0,0.0,0.0,1.0,0.185,0.609,0.91
1,1,0.0,0.0,0.0,0.953,0.853,0.216,0.913
1,1,0.0,0.0,0.0,0.797,0.396,0.313,0.832
1,1,0.65,0.2,0.0,0.488,0.702,0.334,0.894
1,1,1.0,0.2,0.0,0.209,0.38,0.035,0.838
1,1,0.03,0.2,0.0,0.233,0.534,0.829,0.927
1,1,0.0,0.0,0.0,0.139,0.608,0.537,0.91
1,1,0.0,0.0,0.0,0.102,0.557,1.0,0.944
1,1,0.352,1.0,1.0,0.0,0.026,0.413,0.945
1,0,0.0,0.556,0.476,0.571,0.5,0.079,0.78
1,0,0.376,0.433,0.325,0.825,0.521,0.316,0.893
1,0,0.856,0.407,0.571,1.0,0.494,0.564,0.91
1,0,0.047,0.13,0.157,0.989,0.298,0.0,0.913
1,0,0.163,0.312,0.379,0.932,0.0,0.157,0.832
1,0,0.263,0.336,0.33,0.627,0.715,0.213,0.894
1,0,1.0,0.0,0.0,0.435,0.695,0.254,0.838
1,0,0.563,0.698,0.745,0.295,0.906,0.61,0.927
1,0,0.67,0.527,0.509,0.17,0.975,0.547,0.91
1,0,0.964,1.0,1.0,0.106,1.0,1.0,0.944
1,0,0.81,0.152,0.159,0.0,0.929,0.353,0.945
1,0.1,0.718,0.0,0.0,0.571,0.5,0.079,0.78
1,0.1,0.849,0.241,0.198,0.825,0.521,0.316,0.893
1,0.1,0.598,0.914,1.0,1.0,0.494,0.564,0.91
1,0.1,0.173,0.085,0.073,0.989,0.298,0.0,0.913
1,0.1,0.0,0.352,0.32,0.932,0.0,0.157,0.832
1,0.1,0.524,0.253,0.212,0.627,0.715,0.213,0.894
1,0.1,0.773,0.653,0.518,0.435,0.695,0.254,0.838
1,0.1,0.524,0.602,0.555,0.295,0.906,0.61,0.927
1,0.1,0.782,0.537,0.474,0.17,0.975,0.547,0.91
1,0.1,0.994,1.0,0.927,0.106,1.0,1.0,0.944
1,0.1,1.0,0.385,0.36,0.0,0.929,0.353,0.945
1,0.2,0.437,0.0,0.0,0.571,0.5,0.079,0.78
1,0.2,1.0,0.057,0.048,0.825,0.521,0.316,0.893
1,0.2,0.245,1.0,1.0,1.0,0.494,0.564,0.91
1,0.2,0.226,0.045,0.041,0.989,0.298,0.0,0.913
1,0.2,0.0,0.388,0.33,0.932,0.0,0.157,0.832
1,0.2,0.539,0.266,0.226,0.627,0.715,0.213,0.894
1,0.2,0.611,0.663,0.538,0.435,0.695,0.254,0.838
1,0.2,0.2,0.504,0.459,0.295,0.906,0.61,0.927
1,0.2,0.451,0.561,0.468,0.17,0.975,0.547,0.91
1,0.2,0.516,0.776,0.744,0.106,1.0,1.0,0.944
1,0.2,0.399,0.671,0.707,0.0,0.929,0.353,0.945
1,0.3,0.0,0.0,0.0,0.571,0.5,0.079,0.78
1,0.3,1.0,0.005,0.0,0.825,0.521,0.316,0.893
1,0.3,0.252,0.861,0.752,1.0,0.494,0.564,0.91
1,0.3,0.393,0.03,0.021,0.989,0.298,0.0,0.913
1,0.3,0.164,0.299,0.239,0.932,0.0,0.157,0.832
1,0.3,0.403,0.199,0.162,0.627,0.715,0.213,0.894
1,0.3,0.424,0.483,0.413,0.435,0.695,0.254,0.838
1,0.3,0.222,0.388,0.334,0.295,0.906,0.61,0.927
1,0.3,0.323,0.542,0.42,0.17,0.975,0.547,0.91
1,0.3,0.305,0.721,0.717,0.106,1.0,1.0,0.944
1,0.3,0.269,1.0,1.0,0.0,0.929,0.353,0.945
1,0.4,0.0,0.0,0.0,0.571,0.5,0.079,0.78
1,0.4,0.0,0.0,0.0,0.825,0.521,0.316,0.893
1,0.4,0.453,0.669,0.568,1.0,0.494,0.564,0.91
1,0.4,0.195,0.008,0.0,0.989,0.298,0.0,0.913
1,0.4,0.334,0.278,0.247,0.932,0.0,0.157,0.832
1,0.4,0.855,0.12,0.092,0.627,0.715,0.213,0.894
1,0.4,1.0,0.173,0.166,0.435,0.695,0.254,0.838
1,0.4,0.382,0.301,0.27,0.295,0.906,0.61,0.927
1,0.4,0.637,0.436,0.336,0.17,0.975,0.547,0.91
1,0.4,0.544,0.481,0.507,0.106,1.0,1.0,0.944
1,0.4,0.511,1.0,1.0,0.0,0.929,0.353,0.945
1,0.5,0.0,0.0,0.0,0.571,0.5,0.079,0.78
1,0.5,0.0,0.0,0.0,0.825,0.521,0.316,0.893
1,0.5,0.413,0.738,0.567,1.0,0.494,0.564,0.91
1,0.5,0.169,0.012,0.0,0.989,0.298,0.0,0.913
1,0.5,0.21,0.167,0.158,0.932,0.0,0.157,0.832
1,0.5,0.704,0.048,0.029,0.627,0.715,0.213,0.894
1,0.5,1.0,0.107,0.083,0.435,0.695,0.254,0.838
1,0.5,0.32,0.31,0.269,0.295,0.906,0.61,0.927
1,0.5,0.573,0.417,0.29,0.17,0.975,0.547,0.91
1,0.5,0.399,0.25,0.251,0.106,1.0,1.0,0.944
1,0.5,0.499,1.0,1.0,0.0,0.929,0.353,0.945
1,0.6,0.0,0.0,0.0,0.571,0.5,0.079,0.78
1,0.6,0.0,0.0,0.0,0.825,0.521,0.316,0.893
1,0.6,0.583,1.0,0.873,1.0,0.494,0.564,0.91
1,0.6,0.0,0.0,0.0,0.989,0.298,0.0,0.913
1,0.6,0.304,0.154,0.171,0.932,0.0,0.157,0.832
1,0.6,0.0,0.0,0.0,0.627,0.715,0.213,0.894
1,0.6,1.0,0.019,0.0,0.435,0.695,0.254,0.838
1,0.6,0.38,0.269,0.276,0.295,0.906,0.61,0.927
1,0.6,0.826,0.346,0.262,0.17,0.975,0.547,0.91
1,0.6,0.662,0.173,0.257,0.106,1.0,1.0,0.944
1,0.6,0.695,0.962,1.0,0.0,0.929,0.353,0.945
1,0.7,0.0,0.0,0.0,0.571,0.5,0.079,0.78
1,0.7,0.0,0.0,0.0,0.825,0.521,0.316,0.893
1,0.7,0.495,1.0,1.0,1.0,0.494,0.564,0.91
1,0.7,0.0,0.0,0.0,0.989,0.298,0.0,0.913
1,0.7,0.336,0.07,0.07,0.932,0.0,0.157,0.832
1,0.7,0.0,0.0,0.0,0.627,0.715,0.213,0.894
1,0.7,0.0,0.0,0.0,0.435,0.695,0.254,0.838
1,0.7,0.214,0.186,0.185,0.295,0.906,0.61,0.927
1,0.7,1.0,0.14,0.141,0.17,0.975,0.547,0.91
1,0.7,0.879,0.07,0.067,0.106,1.0,1.0,0.944
1,0.7,0.62,0.605,0.708,0.0,0.929,0.353,0.945
1,0.8,0.0,0.0,0.0,0.571,0.5,0.079,0.78
1,0.8,0.0,0.0,0.0,0.825,0.521,0.316,0.893
1,0.8,0.441,1.0,1.0,1.0,0.494,0.564,0.91
1,0.8,0.0,0.0,0.0,0.989,0.298,0.0,0.913
1,0.8,0.747,0.032,0.0,0.932,0.0,0.157,0.832
1,0.8,0.0,0.0,0.0,0.627,0.715,0.213,0.894
1,0.8,0.0,0.0,0.0,0.435,0.695,0.254,0.838
1,0.8,0.198,0.161,0.171,0.295,0.906,0.61,0.927
1,0.8,1.0,0.097,0.091,0.17,0.975,0.547,0.91
1,0.8,0.486,0.065,0.046,0.106,1.0,1.0,0.944
1,0.8,0.551,0.516,0.862,0.0,0.929,0.353,0.945
1,0.9,0.0,0.0,0.0,0.571,0.5,0.079,0.78
1,0.9,0.0,0.0,0.0,0.825,0.521,0.316,0.893
1,0.9,0.304,1.0,1.0,1.0,0.494,0.564,0.91
1,0.9,0.0,0.0,0.0,0.989,0.298,0.0,0.913
1,0.9,0.549,0.042,0.0,0.932,0.0,0.157,0.832
1,0.9,0.0,0.0,0.0,0.627,0.715,0.213,0.894
1,0.9,0.0,0.0,0.0,0.435,0.695,0.254,0.838
1,0.9,0.535,0.042,0.0,0.295,0.906,0.61,0.927
1,0.9,1.0,0.042,0.0,0.17,0.975,0.547,0.91
1,0.9,0.0,0.0,0.0,0.106,1.0,1.0,0.944
1,0.9,0.394,0.417,0.854,0.0,0.929,0.353,0.945
1,1,0.0,0.0,0.0,0.571,0.5,0.079,0.78
1,1,0.0,0.0,0.0,0.825,0.521,0.316,0.893
1,1,0.334,1.0,1.0,1.0,0.494,0.564,0.91
1,1,0.0,0.0,0.0,0.989,0.298,0.0,0.913
1,1,0.0,0.0,0.0,0.932,0.0,0.157,0.832
1,1,0.0,0.0,0.0,0.627,0.715,0.213,0.894
1,1,0.0,0.0,0.0,0.435,0.695,0.254,0.838
1,1,0.0,0.0,0.0,0.295,0.906,0.61,0.927
1,1,1.0,0.056,0.0,0.17,0.975,0.547,0.91
1,1,0.0,0.0,0.0,0.106,1.0,1.0,0.944
1,1,0.553,0.278,0.378,0.0,0.929,0.353,0.945
1,0,0.039,0.576,0.556,1.0,0.622,0.047,0.78
1,0,0.877,0.11,0.093,1.0,0.862,0.212,0.893
1,0,1.0,0.774,0.862,1.0,1.0,0.873,0.91
1,0,0.527,0.093,0.123,1.0,0.501,0.086,0.913
1,0,0.0,0.374,0.438,1.0,0.0,0.0,0.832
1,0,0.396,0.467,0.464,0.566,0.661,0.294,0.894
1,0,0.997,0.0,0.0,0.302,0.856,0.15,0.838
1,0,0.875,0.766,0.81,0.198,0.935,0.808,0.927
1,0,0.881,0.543,0.553,0.131,0.823,0.608,0.91
1,0,0.823,1.0,1.0,0.064,0.715,1.0,0.944
1,0,0.402,0.163,0.228,0.0,0.48,0.126,0.945
1,0.1,0.951,0.0,0.0,1.0,0.622,0.047,0.78
1,0.1,0.851,0.347,0.271,1.0,0.862,0.212,0.893
1,0.1,0.944,1.0,1.0,1.0,1.0,0.873,0.91
1,0.1,0.44,0.283,0.255,1.0,0.501,0.086,0.913
1,0.1,0.0,0.074,0.07,1.0,0.0,0.0,0.832
1,0.1,0.468,0.387,0.331,0.566,0.661,0.294,0.894
1,0.1,0.49,0.491,0.346,0.302,0.856,0.15,0.838
1,0.1,0.894,0.748,0.702,0.198,0.935,0.808,0.927
1,0.1,1.0,0.608,0.527,0.131,0.823,0.608,0.91
1,0.1,0.695,0.901,0.767,0.064,0.715,1.0,0.944
1,0.1,0.611,0.071,0.071,0.0,0.48,0.126,0.945
1,0.2,1.0,0.0,0.0,1.0,0.622,0.047,0.78
1,0.2,0.745,0.228,0.201,1.0,0.862,0.212,0.893
1,0.2,0.349,1.0,1.0,1.0,1.0,0.873,0.91
1,0.2,0.343,0.356,0.344,1.0,0.501,0.086,0.913
1,0.2,0.0,0.126,0.114,1.0,0.0,0.0,0.832
1,0.2,0.393,0.383,0.368,0.566,0.661,0.294,0.894
1,0.2,0.187,0.589,0.493,0.302,0.856,0.15,0.838
1,0.2,0.26,0.694,0.633,0.198,0.935,0.808,0.927
1,0.2,0.421,0.657,0.578,0.131,0.823,0.608,0.91
1,0.2,0.288,0.739,0.648,0.064,0.715,1.0,0.944
1,0.2,0.197,0.274,0.25,0.0,0.48,0.126,0.945
1,0.3,1.0,0.0,0.0,1.0,0.622,0.047,0.78
1,0.3,0.809,0.093,0.088,1.0,0.862,0.212,0.893
1,0.3,0.123,1.0,1.0,1.0,1.0,0.873,0.91
1,0.3,0.208,0.325,0.315,1.0,0.501,0.086,0.913
1,0.3,0.0,0.139,0.128,1.0,0.0,0.0,0.832
1,0.3,0.403,0.307,0.316,0.566,0.661,0.294,0.894
1,0.3,0.147,0.389,0.384,0.302,0.856,0.15,0.838
1,0.3,0.077,0.614,0.556,0.198,0.935,0.808,0.927
1,0.3,0.214,0.663,0.594,0.131,0.823,0.608,0.91
1,0.3,0.12,0.705,0.64,0.064,0.715,1.0,0.944
1,0.3,0.075,0.355,0.337,0.0,0.48,0.126,0.945
1,0.4,1.0,0.0,0.0,1.0,0.622,0.047,0.78
1,0.4,0.561,0.035,0.041,1.0,0.862,0.212,0.893
1,0.4,0.066,1.0,1.0,1.0,1.0,0.873,0.91
1,0.4,0.195,0.258,0.27,1.0,0.501,0.086,0.913
1,0.4,0.069,0.1,0.104,1.0,0.0,0.0,0.832
1,0.4,0.421,0.192,0.24,0.566,0.661,0.294,0.894
1,0.4,0.2,0.21,0.227,0.302,0.856,0.15,0.838
1,0.4,0.021,0.555,0.503,0.198,0.935,0.808,0.927
1,0.4,0.18,0.537,0.486,0.131,0.823,0.608,0.91
1,0.4,0.053,0.559,0.532,0.064,0.715,1.0,0.944
1,0.4,0.0,0.319,0.294,0.0,0.48,0.126,0.945
1,0.5,0.0,0.0,0.0,1.0,0.622,0.047,0.78
1,0.5,1.0,0.024,0.02,1.0,0.862,0.212,0.893
1,0.5,0.348,1.0,1.0,1.0,1.0,0.873,0.91
1,0.5,0.467,0.157,0.156,1.0,0.501,0.086,0.913
1,0.5,0.449,0.048,0.042,1.0,0.0,0.0,0.832
1,0.5,0.626,0.133,0.165,0.566,0.661,0.294,0.894
1,0.5,0.629,0.042,0.037,0.302,0.856,0.15,0.838
1,0.5,0.296,0.5,0.452,0.198,0.935,0.808,0.927
1,0.5,0.416,0.464,0.413,0.131,0.823,0.608,0.91
1,0.5,0.345,0.392,0.368,0.064,0.715,1.0,0.944
1,0.5,0.299,0.295,0.268,0.0,0.48,0.126,0.945
1,0.6,0.0,0.0,0.0,1.0,0.622,0.047,0.78
1,0.6,0.0,0.0,0.0,1.0,0.862,0.212,0.893
1,0.6,0.361,1.0,1.0,1.0,1.0,0.873,0.91
1,0.6,0.506,0.095,0.106,1.0,0.501,0.086,0.913
1,0.6,1.0,0.017,0.178,1.0,0.0,0.0,0.832
1,0.6,0.751,0.043,0.039,0.566,0.661,0.294,0.894
1,0.6,0.849,0.009,0.0,0.302,0.856,0.15,0.838
1,0.6,0.315,0.397,0.364,0.198,0.935,0.808,0.927
1,0.6,0.442,0.44,0.407,0.131,0.823,0.608,0.91
1,0.6,0.384,0.345,0.323,0.064,0.715,1.0,0.944
1,0.6,0.322,0.284,0.269,0.0,0.48,0.126,0.945
1,0.7,0.0,0.0,0.0,1.0,0.622,0.047,0.78
1,0.7,0.0,0.0,0.0,1.0,0.862,0.212,0.893
1,0.7,0.275,1.0,1.0,1.0,1.0,0.873,0.91
1,0.7,0.431,0.052,0.052,1.0,0.501,0.086,0.913
1,0.7,1.0,0.013,0.0,1.0,0.0,0.0,0.832
1,0.7,1.0,0.013,0.0,0.566,0.661,0.294,0.894
1,0.7,0.0,0.0,0.0,0.302,0.856,0.15,0.838
1,0.7,0.251,0.39,0.344,0.198,0.935,0.808,0.927
1,0.7,0.324,0.39,0.376,0.131,0.823,0.608,0.91
1,0.7,0.258,0.247,0.221,0.064,0.715,1.0,0.944
1,0.7,0.222,0.221,0.206,0.0,0.48,0.126,0.945
1,0.8,0.0,0.0,0.0,1.0,0.622,0.047,0.78
1,0.8,0.0,0.0,0.0,1.0,0.862,0.212,0.893
1,0.8,0.707,1.0,1.0,1.0,1.0,0.873,0.91
1,0.8,1.0,0.038,0.024,1.0,0.501,0.086,0.913
1,0.8,0.0,0.0,0.0,1.0,0.0,0.0,0.832
1,0.8,0.0,0.0,0.0,0.566,0.661,0.294,0.894
1,0.8,0.0,0.0,0.0,0.302,0.856,0.15,0.838
1,0.8,0.558,0.365,0.313,0.198,0.935,0.808,0.927
1,0.8,0.787,0.423,0.412,0.131,0.823,0.608,0.91
1,0.8,0.612,0.192,0.188,0.064,0.715,1.0,0.944
1,0.8,0.663,0.154,0.157,0.0,0.48,0.126,0.945
1,0.9,0.0,0.0,0.0,1.0,0.622,0.047,0.78
1,0.9,0.0,0.0,0.0,1.0,0.862,0.212,0.893
1,0.9,0.807,1.0,1.0,1.0,1.0,0.873,0.91
1,0.9,0.306,0.034,0.0,1.0,0.501,0.086,0.913
1,0.9,0.0,0.0,0.0,1.0,0.0,0.0,0.832
1,0.9,0.0,0.0,0.0,0.566,0.661,0.294,0.894
1,0.9,0.0,0.0,0.0,0.302,0.856,0.15,0.838
1,0.9,0.487,0.31,0.251,0.198,0.935,0.808,0.927
1,0.9,0.818,0.414,0.445,0.131,0.823,0.608,0.91
1,0.9,0.553,0.138,0.124,0.064,0.715,1.0,0.944
1,0.9,1.0,0.138,0.512,0.0,0.48,0.126,0.945
1,1,0.0,0.0,0.0,1.0,0.622,0.047,0.78
1,1,0.0,0.0,0.0,1.0,0.862,0.212,0.893
1,1,0.274,1.0,1.0,1.0,1.0,0.873,0.91
1,1,0.0,0.0,0.0,1.0,0.501,0.086,0.913
1,1,0.0,0.0,0.0,1.0,0.0,0.0,0.832
1,1,0.0,0.0,0.0,0.566,0.661,0.294,0.894
1,1,0.0,0.0,0.0,0.302,0.856,0.15,0.838
1,1,0.177,0.263,0.202,0.198,0.935,0.808,0.927
1,1,0.339,0.368,0.338,0.131,0.823,0.608,0.91
1,1,0.34,0.053,0.0,0.064,0.715,1.0,0.944
1,1,1.0,0.053,0.0,0.0,0.48,0.126,0.945
1,0,0.0,0.468,0.389,0.318,0.17,0.134,0.78
1,0,1.0,0.552,0.434,0.649,0.404,0.669,0.893
1,0,0.604,0.546,0.702,1.0,0.554,0.664,0.91
1,0,0.115,0.0,0.0,1.0,0.496,0.0,0.913
1,0,0.298,0.521,0.508,0.434,0.014,0.426,0.832
1,0,0.231,0.148,0.117,0.488,1.0,0.151,0.894
1,0,0.854,0.157,0.046,0.583,0.0,0.331,0.838
1,0,0.229,0.605,0.698,0.427,0.412,0.506,0.927
1,0,0.327,0.289,0.286,0.291,0.594,0.316,0.91
1,0,0.585,1.0,1.0,0.17,0.694,1.0,0.944
1,0,0.354,0.221,0.246,0.0,0.479,0.277,0.945
1,0.1,0.942,0.0,0.0,0.318,0.17,0.134,0.78
1,0.1,1.0,1.0,0.802,0.649,0.404,0.669,0.893
1,0.1,0.332,0.901,1.0,1.0,0.554,0.664,0.91
1,0.1,0.0,0.057,0.05,1.0,0.496,0.0,0.913
1,0.1,0.498,0.402,0.35,0.434,0.014,0.426,0.832
1,0.1,0.387,0.084,0.064,0.488,1.0,0.151,0.894
1,0.1,0.593,0.622,0.418,0.583,0.0,0.331,0.838
1,0.1,0.278,0.367,0.381,0.427,0.412,0.506,0.927
1,0.1,0.475,0.185,0.167,0.291,0.594,0.316,0.91
1,0.1,0.592,0.863,0.754,0.17,0.694,1.0,0.944
1,0.1,0.576,0.095,0.093,0.0,0.479,0.277,0.945
1,0.2,0.696,0.0,0.0,0.318,0.17,0.134,0.78
1,0.2,1.0,1.0,0.851,0.649,0.404,0.669,0.893
1,0.2,0.0,0.975,1.0,1.0,0.554,0.664,0.91
1,0.2,0.077,0.074,0.032,1.0,0.496,0.0,0.913
1,0.2,0.357,0.366,0.282,0.434,0.014,0.426,0.832
1,0.2,0.203,0.209,0.144,0.488,1.0,0.151,0.894
1,0.2,0.391,1.0,0.775,0.583,0.0,0.331,0.838
1,0.2,0.119,0.182,0.189,0.427,0.412,0.506,0.927
1,0.2,0.23,0.207,0.147,0.291,0.594,0.316,0.91
1,0.2,0.179,0.683,0.561,0.17,0.694,1.0,0.944
1,0.2,0.15,0.218,0.162,0.0,0.479,0.277,0.945
1,0.3,0.835,0.0,0.0,0.318,0.17,0.134,0.78
1,0.3,1.0,0.796,0.863,0.649,0.404,0.669,0.893
1,0.3,0.0,1.0,1.0,1.0,0.554,0.664,0.91
1,0.3,0.177,0.177,0.091,1.0,0.496,0.0,0.913
1,0.3,0.288,0.618,0.534,0.434,0.014,0.426,0.832
1,0.3,0.351,0.36,0.282,0.488,1.0,0.151,0.894
1,0.3,0.571,0.914,0.76,0.583,0.0,0.331,0.838
1,0.3,0.014,0.258,0.227,0.427,0.412,0.506,0.927
1,0.3,0.306,0.355,0.271,0.291,0.594,0.316,0.91
1,0.3,0.157,0.624,0.562,0.17,0.694,1.0,0.944
1,0.3,0.141,0.608,0.567,0.0,0.479,0.277,0.945
1,0.4,1.0,0.0,0.0,0.318,0.17,0.134,0.78
1,0.4,0.82,0.532,0.508,0.649,0.404,0.669,0.893
1,0.4,0.0,0.937,0.818,1.0,0.554,0.664,0.91
1,0.4,0.341,0.23,0.17,1.0,0.496,0.0,0.913
1,0.4,0.207,0.683,0.619,0.434,0.014,0.426,0.832
1,0.4,0.415,0.421,0.353,0.488,1.0,0.151,0.894
1,0.4,0.685,0.357,0.304,0.583,0.0,0.331,0.838
1,0.4,0.079,0.397,0.348,0.427,0.412,0.506,0.927
1,0.4,0.331,0.548,0.446,0.291,0.594,0.316,0.91
1,0.4,0.105,0.389,0.321,0.17,0.694,1.0,0.944
1,0.4,0.108,1.0,1.0,0.0,0.479,0.277,0.945
1,0.5,1.0,0.0,0.017,0.318,0.17,0.134,0.78
1,0.5,0.816,0.124,0.092,0.649,0.404,0.669,0.893
1,0.5,0.022,0.856,0.604,1.0,0.554,0.664,0.91
1,0.5,0.137,0.165,0.114,1.0,0.496,0.0,0.913
1,0.5,0.198,0.557,0.435,0.434,0.014,0.426,0.832
1,0.5,0.581,0.237,0.189,0.488,1.0,0.151,0.894
1,0.5,0.778,0.01,0.0,0.583,0.0,0.331,0.838
1,0.5,0.0,0.186,0.162,0.427,0.412,0.506,0.927
1,0.5,0.351,0.505,0.341,0.291,0.594,0.316,0.91
1,0.5,0.044,0.165,0.11,0.17,0.694,1.0,0.944
1,0.5,0.078,1.0,1.0,0.0,0.479,0.277,0.945
1,0.6,1.0,0.013,0.0,0.318,0.17,0.134,0.78
1,0.6,0.935,0.0,0.039,0.649,0.404,0.669,0.893
1,0.6,0.187,0.769,0.498,1.0,0.554,0.664,0.91
1,0.6,0.366,0.141,0.091,1.0,0.496,0.0,0.913
1,0.6,0.382,0.359,0.252,0.434,0.014,0.426,0.832
1,0.6,0.484,0.167,0.128,0.488,1.0,0.151,0.894
1,0.6,0.573,0.0,0.055,0.583,0.0,0.331,0.838
1,0.6,0.171,0.167,0.092,0.427,0.412,0.506,0.927
1,0.6,0.413,0.474,0.286,0.291,0.594,0.316,0.91
1,0.6,0.0,0.103,0.04,0.17,0.694,1.0,0.944
1,0.6,0.275,1.0,1.0,0.0,0.479,0.277,0.945
1,0.7,0.0,0.0,0.0,0.318,0.17,0.134,0.78
1,0.7,0.0,0.0,0.0,0.649,0.404,0.669,0.893
1,0.7,0.65,0.625,0.384,1.0,0.554,0.664,0.91
1,0.7,0.678,0.089,0.058,1.0,0.496,0.0,0.913
1,0.7,0.714,0.268,0.187,0.434,0.014,0.426,0.832
1,0.7,1.0,0.125,0.146,0.488,1.0,0.151,0.894
1,0.7,0.0,0.0,0.0,0.583,0.0,0.331,0.838
1,0.7,0.724,0.089,0.049,0.427,0.412,0.506,0.927
1,0.7,0.967,0.357,0.22,0.291,0.594,0.316,0.91
1,0.7,0.289,0.071,0.054,0.17,0.694,1.0,0.944
1,0.7,0.736,1.0,1.0,0.0,0.479,0.277,0.945
1,0.8,0.0,0.0,0.0,0.318,0.17,0.134,0.78
1,0.8,0.0,0.0,0.0,0.649,0.404,0.669,0.893
1,0.8,0.534,0.724,0.418,1.0,0.554,0.664,0.91
1,0.8,0.637,0.069,0.049,1.0,0.496,0.0,0.913
1,0.8,0.144,0.138,0.076,0.434,0.014,0.426,0.832
1,0.8,0.935,0.172,0.177,0.488,1.0,0.151,0.894
1,0.8,0.0,0.0,0.0,0.583,0.0,0.331,0.838
1,0.8,0.65,0.103,0.056,0.427,0.412,0.506,0.927
1,0.8,1.0,0.552,0.316,0.291,0.594,0.316,0.91
1,0.8,0.0,0.0,0.0,0.17,0.694,1.0,0.944
1,0.8,0.761,1.0,1.0,0.0,0.479,0.277,0.945
1,0.9,0.0,0.0,0.0,0.318,0.17,0.134,0.78
1,0.9,0.0,0.0,0.0,0.649,0.404,0.669,0.893
1,0.9,0.53,0.722,0.378,1.0,0.554,0.664,0.91
1,0.9,0.0,0.0,0.0,1.0,0.496,0.0,0.913
1,0.9,0.202,0.111,0.084,0.434,0.014,0.426,0.832
1,0.9,0.974,0.167,0.147,0.488,1.0,0.151,0.894
1,0.9,0.0,0.0,0.0,0.583,0.0,0.331,0.838
1,0.9,0.017,0.056,0.0,0.427,0.412,0.506,0.927
1,0.9,1.0,0.722,0.388,0.291,0.594,0.316,0.91
1,0.9,0.0,0.0,0.0,0.17,0.694,1.0,0.944
1,0.9,0.781,1.0,1.0,0.0,0.479,0.277,0.945
1,1,0.0,0.0,0.0,0.318,0.17,0.134,0.78
1,1,0.0,0.0,0.0,0.649,0.404,0.669,0.893
1,1,0.456,0.462,0.177,1.0,0.554,0.664,0.91
1,1,0.0,0.0,0.0,1.0,0.496,0.0,0.913
1,1,0.23,0.077,0.0,0.434,0.014,0.426,0.832
1,1,0.818,0.077,0.0,0.488,1.0,0.151,0.894
1,1,0.0,0.0,0.0,0.583,0.0,0.331,0.838
1,1,0.0,0.0,0.0,0.427,0.412,0.506,0.927
1,1,1.0,0.769,0.301,0.291,0.594,0.316,0.91
1,1,0.0,0.0,0.0,0.17,0.694,1.0,0.944
1,1,0.738,1.0,1.0,0.0,0.479,0.277,0.945
1,0,0.072,0.301,0.29,1.0,0.503,0.067,0.78
1,0,1.0,0.218,0.165,1.0,0.274,0.421,0.893
1,0,0.741,0.447,0.615,1.0,0.521,0.64,0.91
1,0,0.023,0.111,0.147,1.0,0.992,0.0,0.913
1,0,0.138,0.328,0.373,1.0,0.396,0.191,0.832
1,0,0.357,0.228,0.272,1.0,1.0,0.263,0.894
1,0,0.421,0.033,0.0,0.951,0.0,0.148,0.838
1,0,0.0,0.632,0.735,0.728,0.369,0.372,0.927
1,0,0.363,0.38,0.411,0.438,0.746,0.394,0.91
1,0,0.532,1.0,1.0,0.241,0.989,1.0,0.944
1,0,0.562,0.0,0.105,0.0,0.78,0.171,0.945
1,0.1,0.899,0.066,0.0,1.0,0.503,0.067,0.78
1,0.1,1.0,1.0,0.699,1.0,0.274,0.421,0.893
1,0.1,0.788,0.968,1.0,1.0,0.521,0.64,0.91
1,0.1,0.334,0.041,0.01,1.0,0.992,0.0,0.913
1,0.1,0.497,0.221,0.166,1.0,0.396,0.191,0.832
1,0.1,0.561,0.318,0.232,1.0,1.0,0.263,0.894
1,0.1,0.188,0.759,0.456,0.951,0.0,0.148,0.838
1,0.1,0.0,0.237,0.253,0.728,0.369,0.372,0.927
1,0.1,0.573,0.365,0.301,0.438,0.746,0.394,0.91
1,0.1,0.612,0.882,0.694,0.241,0.989,1.0,0.944
1,0.1,0.747,0.0,0.021,0.0,0.78,0.171,0.945
1,0.2,0.888,0.116,0.073,1.0,0.503,0.067,0.78
1,0.2,1.0,0.844,0.584,1.0,0.274,0.421,0.893
1,0.2,0.604,1.0,1.0,1.0,0.521,0.64,0.91
1,0.2,0.583,0.0,0.0,1.0,0.992,0.0,0.913
1,0.2,0.516,0.226,0.153,1.0,0.396,0.191,0.832
1,0.2,0.553,0.341,0.242,1.0,1.0,0.263,0.894
1,0.2,0.358,0.654,0.409,0.951,0.0,0.148,0.838
1,0.2,0.0,0.07,0.124,0.728,0.369,0.372,0.927
1,0.2,0.449,0.434,0.368,0.438,0.746,0.394,0.91
1,0.2,0.422,0.412,0.33,0.241,0.989,1.0,0.944
1,0.2,0.319,0.233,0.225,0.0,0.78,0.171,0.945
1,0.3,0.889,0.097,0.07,1.0,0.503,0.067,0.78
1,0.3,1.0,0.471,0.322,1.0,0.274,0.421,0.893
1,0.3,0.428,1.0,1.0,1.0,0.521,0.64,0.91
1,0.3,0.707,0.0,0.0,1.0,0.992,0.0,0.913
1,0.3,0.414,0.226,0.156,1.0,0.396,0.191,0.832
1,0.3,0.496,0.32,0.227,1.0,1.0,0.263,0.894
1,0.3,0.486,0.32,0.216,0.951,0.0,0.148,0.838
1,0.3,0.0,0.032,0.071,0.728,0.369,0.372,0.927
1,0.3,0.443,0.36,0.327,0.438,0.746,0.394,0.91
1,0.3,0.318,0.132,0.107,0.241,0.989,1.0,0.944
1,0.3,0.187,0.342,0.281,0.0,0.78,0.171,0.945
1,0.4,0.56,0.073,0.05,1.0,0.503,0.067,0.78
1,0.4,1.0,0.22,0.159,1.0,0.274,0.421,0.893
1,0.4,0.246,1.0,1.0,1.0,0.521,0.64,0.91
1,0.4,0.415,0.0,0.0,1.0,0.992,0.0,0.913
1,0.4,0.253,0.185,0.129,1.0,0.396,0.191,0.832
1,0.4,0.428,0.23,0.154,1.0,1.0,0.263,0.894
1,0.4,0.632,0.115,0.077,0.951,0.0,0.148,0.838
1,0.4,0.032,0.021,0.033,0.728,0.369,0.372,0.927
1,0.4,0.317,0.286,0.281,0.438,0.746,0.394,0.91
1,0.4,0.11,0.042,0.03,0.241,0.989,1.0,0.944
1,0.4,0.0,0.376,0.29,0.0,0.78,0.171,0.945
1,0.5,0.606,0.0,0.0,1.0,0.503,0.067,0.78
1,0.5,1.0,0.046,0.04,1.0,0.274,0.421,0.893
1,0.5,0.344,1.0,1.0,1.0,0.521,0.64,0.91
1,0.5,0.517,0.0,0.002,1.0,0.992,0.0,0.913
1,0.5,0.349,0.077,0.059,1.0,0.396,0.191,0.832
1,0.5,0.457,0.205,0.151,1.0,1.0,0.263,0.894
1,0.5,0.64,0.031,0.024,0.951,0.0,0.148,0.838
1,0.5,0.125,0.026,0.038,0.728,0.369,0.372,0.927
1,0.5,0.401,0.174,0.214,0.438,0.746,0.394,0.91
1,0.5,0.0,0.0,0.002,0.241,0.989,1.0,0.944
1,0.5,0.112,0.323,0.227,0.0,0.78,0.171,0.945
1,0.6,0.55,0.008,0.0,1.0,0.503,0.067,0.78
1,0.6,1.0,0.039,0.04,1.0,0.274,0.421,0.893
1,0.6,0.474,1.0,1.0,1.0,0.521,0.64,0.91
1,0.6,0.562,0.023,0.016,1.0,0.992,0.0,0.913
1,0.6,0.723,0.047,0.03,1.0,0.396,0.191,0.832
1,0.6,0.535,0.132,0.097,1.0,1.0,0.263,0.894
1,0.6,0.0,0.0,0.0,0.951,0.0,0.148,0.838
1,0.6,0.268,0.023,0.035,0.728,0.369,0.372,0.927
1,0.6,0.662,0.132,0.371,0.438,0.746,0.394,0.91
1,0.6,0.0,0.0,0.0,0.241,0.989,1.0,0.944
1,0.6,0.341,0.302,0.21,0.0,0.78,0.171,0.945
1,0.7,0.0,0.0,0.0,1.0,0.503,0.067,0.78
1,0.7,1.0,0.024,0.094,1.0,0.274,0.421,0.893
1,0.7,0.412,1.0,1.0,1.0,0.521,0.64,0.91
1,0.7,0.255,0.024,0.012,1.0,0.992,0.0,0.913
1,0.7,0.377,0.024,0.009,1.0,0.396,0.191,0.832
1,0.7,0.374,0.082,0.065,1.0,1.0,0.263,0.894
1,0.7,0.0,0.0,0.0,0.951,0.0,0.148,0.838
1,0.7,0.0,0.0,0.0,0.728,0.369,0.372,0.927
1,0.7,0.467,0.094,0.221,0.438,0.746,0.394,0.91
1,0.7,0.0,0.0,0.0,0.241,0.989,1.0,0.944
1,0.7,0.295,0.341,0.234,0.0,0.78,0.171,0.945
1,0.8,0.0,0.0,0.0,1.0,0.503,0.067,0.78
1,0.8,0.0,0.0,0.0,1.0,0.274,0.421,0.893
1,0.8,0.505,1.0,1.0,1.0,0.521,0.64,0.91
1,0.8,0.0,0.0,0.0,1.0,0.992,0.0,0.913
1,0.8,0.201,0.016,0.0,1.0,0.396,0.191,0.832
1,0.8,0.252,0.049,0.045,1.0,1.0,0.263,0.894
1,0.8,0.0,0.0,0.0,0.951,0.0,0.148,0.838
1,0.8,0.0,0.0,0.0,0.728,0.369,0.372,0.927
1,0.8,1.0,0.033,0.113,0.438,0.746,0.394,0.91
1,0.8,0.0,0.0,0.0,0.241,0.989,1.0,0.944
1,0.8,0.429,0.246,0.193,0.0,0.78,0.171,0.945
1,0.9,0.0,0.0,0.0,1.0,0.503,0.067,0.78
1,0.9,0.0,0.0,0.0,1.0,0.274,0.421,0.893
1,0.9,0.589,1.0,1.0,1.0,0.521,0.64,0.91
1,0.9,0.0,0.0,0.0,1.0,0.992,0.0,0.913
1,0.9,0.0,0.0,0.0,1.0,0.396,0.191,0.832
1,0.9,0.232,0.026,0.0,1.0,1.0,0.263,0.894
1,0.9,0.0,0.0,0.0,0.951,0.0,0.148,0.838
1,0.9,0.0,0.0,0.0,0.728,0.369,0.372,0.927
1,0.9,1.0,0.053,0.186,0.438,0.746,0.394,0.91
1,0.9,0.0,0.0,0.0,0.241,0.989,1.0,0.944
1,0.9,0.452,0.263,0.209,0.0,0.78,0.171,0.945
1,1,0.0,0.0,0.0,1.0,0.503,0.067,0.78
1,1,0.0,0.0,0.0,1.0,0.274,0.421,0.893
1,1,0.557,1.0,1.0,1.0,0.521,0.64,0.91
1,1,0.0,0.0,0.0,1.0,0.992,0.0,0.913
1,1,0.0,0.0,0.0,1.0,0.396,0.191,0.832
1,1,0.0,0.0,0.0,1.0,1.0,0.263,0.894
1,1,0.0,0.0,0.0,0.951,0.0,0.148,0.838
1,1,0.0,0.0,0.0,0.728,0.369,0.372,0.927
1,1,1.0,0.08,0.312,0.438,0.746,0.394,0.91
1,1,0.0,0.0,0.0,0.241,0.989,1.0,0.944
1,1,0.55,0.24,0.178,0.0,0.78,0.171,0.945
1,0,0.0,0.318,0.32,1.0,0.746,0.0,0.78
1,0,0.646,0.298,0.258,1.0,0.772,0.394,0.893
1,0,0.556,0.537,0.655,0.996,0.107,0.615,0.91
1,0,0.336,0.254,0.295,0.966,1.0,0.224,0.913
1,0,0.152,0.235,0.29,1.0,0.316,0.131,0.832
1,0,0.456,0.385,0.434,1.0,0.035,0.357,0.894
1,0,0.881,0.027,0.0,0.375,0.0,0.255,0.838
1,0,0.706,0.748,0.81,0.26,0.312,0.822,0.927
1,0,1.0,0.486,0.532,0.168,0.304,0.681,0.91
1,0,0.628,1.0,1.0,0.06,0.32,1.0,0.944
1,0,0.311,0.0,0.037,0.0,0.419,0.049,0.945
1,0.1,0.224,0.0,0.0,1.0,0.746,0.0,0.78
1,0.1,0.418,0.547,0.512,1.0,0.772,0.394,0.893
1,0.1,0.192,0.806,0.918,0.996,0.107,0.615,0.91
1,0.1,0.239,0.299,0.332,0.966,1.0,0.224,0.913
1,0.1,0.0,0.176,0.19,1.0,0.316,0.131,0.832
1,0.1,0.345,0.469,0.5,1.0,0.035,0.357,0.894
1,0.1,0.473,0.434,0.342,0.375,0.0,0.255,0.838
1,0.1,0.547,0.874,0.931,0.26,0.312,0.822,0.927
1,0.1,1.0,0.708,0.751,0.168,0.304,0.681,0.91
1,0.1,0.407,1.0,1.0,0.06,0.32,1.0,0.944
1,0.1,0.133,0.133,0.11,0.0,0.419,0.049,0.945
1,0.2,0.669,0.0,0.0,1.0,0.746,0.0,0.78
1,0.2,0.628,0.51,0.467,1.0,0.772,0.394,0.893
1,0.2,0.145,0.923,0.936,0.996,0.107,0.615,0.91
1,0.2,0.375,0.331,0.342,0.966,1.0,0.224,0.913
1,0.2,0.133,0.165,0.163,1.0,0.316,0.131,0.832
1,0.2,0.572,0.545,0.551,1.0,0.035,0.357,0.894
1,0.2,0.354,0.79,0.669,0.375,0.0,0.255,0.838
1,0.2,0.431,1.0,1.0,0.26,0.312,0.822,0.927
1,0.2,1.0,0.972,0.971,0.168,0.304,0.681,0.91
1,0.2,0.311,0.938,0.907,0.06,0.32,1.0,0.944
1,0.2,0.0,0.304,0.249,0.0,0.419,0.049,0.945
1,0.3,1.0,0.0,0.0,1.0,0.746,0.0,0.78
1,0.3,0.72,0.292,0.274,1.0,0.772,0.394,0.893
1,0.3,0.077,0.84,0.858,0.996,0.107,0.615,0.91
1,0.3,0.418,0.252,0.27,0.966,1.0,0.224,0.913
1,0.3,0.141,0.139,0.129,1.0,0.316,0.131,0.832
1,0.3,0.611,0.496,0.517,1.0,0.035,0.357,0.894
1,0.3,0.304,0.842,0.79,0.375,0.0,0.255,0.838
1,0.3,0.33,0.908,0.912,0.26,0.312,0.822,0.927
1,0.3,0.772,1.0,1.0,0.168,0.304,0.681,0.91
1,0.3,0.214,0.704,0.68,0.06,0.32,1.0,0.944
1,0.3,0.0,0.363,0.311,0.0,0.419,0.049,0.945
1,0.4,1.0,0.0,0.0,1.0,0.746,0.0,0.78
1,0.4,0.36,0.144,0.151,1.0,0.772,0.394,0.893
1,0.4,0.003,0.734,0.746,0.996,0.107,0.615,0.91
1,0.4,0.103,0.183,0.205,0.966,1.0,0.224,0.913
1,0.4,0.063,0.108,0.104,1.0,0.316,0.131,0.832
1,0.4,0.247,0.434,0.473,1.0,0.035,0.357,0.894
1,0.4,0.139,0.656,0.681,0.375,0.0,0.255,0.838
1,0.4,0.057,0.781,0.811,0.26,0.312,0.822,0.927
1,0.4,0.236,1.0,1.0,0.168,0.304,0.681,0.91
1,0.4,0.021,0.446,0.439,0.06,0.32,1.0,0.944
1,0.4,0.0,0.368,0.342,0.0,0.419,0.049,0.945
1,0.5,0.0,0.0,0.0,1.0,0.746,0.0,0.78
1,0.5,1.0,0.052,0.051,1.0,0.772,0.394,0.893
1,0.5,0.522,0.652,0.686,0.996,0.107,0.615,0.91
1,0.5,0.602,0.112,0.137,0.966,1.0,0.224,0.913
1,0.5,0.565,0.044,0.042,1.0,0.316,0.131,0.832
1,0.5,0.811,0.328,0.343,1.0,0.035,0.357,0.894
1,0.5,0.722,0.416,0.437,0.375,0.0,0.255,0.838
1,0.5,0.537,0.612,0.633,0.26,0.312,0.822,0.927
1,0.5,0.755,1.0,1.0,0.168,0.304,0.681,0.91
1,0.5,0.485,0.296,0.288,0.06,0.32,1.0,0.944
1,0.5,0.547,0.328,0.311,0.0,0.419,0.049,0.945
1,0.6,0.0,0.0,0.0,1.0,0.746,0.0,0.78
1,0.6,0.875,0.012,0.007,1.0,0.772,0.394,0.893
1,0.6,0.614,0.58,0.661,0.996,0.107,0.615,0.91
1,0.6,0.783,0.095,0.101,0.966,1.0,0.224,0.913
1,0.6,0.671,0.041,0.05,1.0,0.316,0.131,0.832
1,0.6,1.0,0.213,0.261,1.0,0.035,0.357,0.894
1,0.6,0.912,0.183,0.216,0.375,0.0,0.255,0.838
1,0.6,0.568,0.556,0.568,0.26,0.312,0.822,0.927
1,0.6,0.779,1.0,1.0,0.168,0.304,0.681,0.91
1,0.6,0.467,0.148,0.134,0.06,0.32,1.0,0.944
1,0.6,0.688,0.266,0.258,0.0,0.419,0.049,0.945
1,0.7,0.0,0.0,0.0,1.0,0.746,0.0,0.78
1,0.7,1.0,0.008,0.0,1.0,0.772,0.394,0.893
1,0.7,0.508,0.545,0.685,0.996,0.107,0.615,0.91
1,0.7,0.874,0.049,0.061,0.966,1.0,0.224,0.913
1,0.7,0.427,0.008,0.0,1.0,0.316,0.131,0.832
1,0.7,0.688,0.122,0.139,1.0,0.035,0.357,0.894
1,0.7,0.71,0.065,0.069,0.375,0.0,0.255,0.838
1,0.7,0.45,0.382,0.383,0.26,0.312,0.822,0.927
1,0.7,0.67,1.0,1.0,0.168,0.304,0.681,0.91
1,0.7,0.509,0.081,0.071,0.06,0.32,1.0,0.944
1,0.7,0.611,0.236,0.248,0.0,0.419,0.049,0.945
1,0.8,0.0,0.0,0.0,1.0,0.746,0.0,0.78
1,0.8,0.0,0.0,0.0,1.0,0.772,0.394,0.893
1,0.8,0.677,0.537,0.715,0.996,0.107,0.615,0.91
1,0.8,0.907,0.049,0.057,0.966,1.0,0.224,0.913
1,0.8,0.0,0.0,0.0,1.0,0.316,0.131,0.832
1,0.8,0.924,0.098,0.113,1.0,0.035,0.357,0.894
1,0.8,0.0,0.0,0.0,0.375,0.0,0.255,0.838
1,0.8,0.654,0.256,0.256,0.26,0.312,0.822,0.927
1,0.8,0.819,1.0,1.0,0.168,0.304,0.681,0.91
1,0.8,1.0,0.061,0.05,0.06,0.32,1.0,0.944
1,0.8,0.764,0.207,0.247,0.0,0.419,0.049,0.945
1,0.9,0.0,0.0,0.0,1.0,0.746,0.0,0.78
1,0.9,0.0,0.0,0.0,1.0,0.772,0.394,0.893
1,0.9,0.564,0.46,0.861,0.996,0.107,0.615,0.91
1,0.9,1.0,0.032,0.049,0.966,1.0,0.224,0.913
1,0.9,0.0,0.0,0.0,1.0,0.316,0.131,0.832
1,0.9,0.654,0.063,0.052,1.0,0.035,0.357,0.894
1,0.9,0.0,0.0,0.0,0.375,0.0,0.255,0.838
1,0.9,0.489,0.175,0.185,0.26,0.312,0.822,0.927
1,0.9,0.663,1.0,1.0,0.168,0.304,0.681,0.91
1,0.9,0.834,0.048,0.114,0.06,0.32,1.0,0.944
1,0.9,0.673,0.175,0.21,0.0,0.419,0.049,0.945
1,1,0.0,0.0,0.0,1.0,0.746,0.0,0.78
1,1,0.0,0.0,0.0,1.0,0.772,0.394,0.893
1,1,0.536,0.5,0.833,0.996,0.107,0.615,0.91
1,1,1.0,0.048,0.073,0.966,1.0,0.224,0.913
1,1,0.0,0.0,0.0,1.0,0.316,0.131,0.832
1,1,0.892,0.048,0.023,1.0,0.035,0.357,0.894
1,1,0.0,0.0,0.0,0.375,0.0,0.255,0.838
1,1,0.538,0.143,0.169,0.26,0.312,0.822,0.927
1,1,0.662,1.0,1.0,0.168,0.304,0.681,0.91
1,1,0.382,0.048,0.449,0.06,0.32,1.0,0.944
1,1,0.742,0.119,0.143,0.0,0.419,0.049,0.945
